id,ФИО,Паспортные данные
1,Glori Paulet,873-40-4135
2,Leeann Asif,224-01-5536
3,Irvine Rizzillo,487-45-3314
4,Brendon Abramino,252-70-8594
5,Fredi Philpin,855-50-7862
6,Saidee Hriinchenko,599-91-8427
7,Clare Sleford,178-82-3044
8,Bekki Galer,799-46-9454
9,Johannes Farbrother,292-25-6553
10,Claudian Collecott,857-03-1487
11,Ricky Raybould,383-84-6017
12,Efrem Fotitt,472-92-7937
13,Deanna Genever,279-57-1705
14,Brenda Full,578-35-4759
15,Mikaela Wraxall,458-89-1951
16,Dar Markwelley,493-21-0543
17,Spense Romayne,220-12-4256
18,Hill Dagon,443-75-1017
19,Salomone Isson,848-88-4024
20,Giana Van Dijk,220-68-3514
21,Patty Wonter,646-71-9798
22,Scarlett McCurlye,570-89-5299
23,Jennee Shropsheir,312-60-9076
24,Perice Juppe,564-88-6766
25,Scottie Blackham,296-69-1301
26,Ronna Ledgley,230-20-8287
27,Che Dragoe,254-08-3402
28,Appolonia Dillintone,574-36-9943
29,Ginger Dumbellow,771-97-9915
30,Donal Bullion,674-50-9064
31,Giulietta Stacey,869-05-6295
32,Muriel Howey,207-36-4490
33,Wheeler Corder,834-06-4652
34,Jilleen Whifen,865-65-8613
35,Callida Matthews,350-64-5170
36,Rozina Goulthorp,432-59-5754
37,Ruthe Keelinge,443-87-4867
38,Jo Antonietti,418-33-7400
39,Austen Waterworth,568-24-5107
40,Greggory Guiel,128-46-6201
41,Maryjo Thoma,730-07-9000
42,Antonio Crutchfield,714-13-5344
43,Rudolph Munnings,340-91-9869
44,Lisette Baudinot,370-08-8439
45,Wildon Offin,155-25-7591
46,Lethia Reddle,572-94-3801
47,Rorke Sivill,417-59-3728
48,Dee Andor,601-95-8884
49,Ab Hatrey,263-73-7203
50,Bee Truggian,253-63-3566
51,Mozelle Breawood,171-37-8669
52,Lynnette Purbrick,577-86-6378
53,Curry Lunck,450-21-9483
54,Ruprecht Handke,233-88-8443
55,Millisent McGourty,517-24-1394
56,Michale Daybell,546-50-1085
57,Libby Reditt,123-07-0288
58,Ogden Dansken,660-92-1023
59,Marna Maudett,600-35-7209
60,Thorvald Martel,823-12-8131
61,Milly Haselhurst,820-22-3615
62,Malissia Burree,481-98-1261
63,Sosanna Thaw,272-70-7612
64,Elsbeth Bergeon,115-58-8858
65,Neil Watters,457-61-0826
66,Marika Schmidt,534-78-1057
67,Eachelle Bertl,789-87-7141
68,Ilka Cornwell,831-84-8783
69,Hillie Corkel,700-53-4450
70,Rudolfo Stilgoe,755-86-9276
71,Federica Fraanchyonok,565-56-1937
72,Renado Coulston,559-95-2989
73,Ignaz Broschek,890-02-4068
74,Matilda Weeden,287-56-3806
75,Chrissy Regorz,323-18-4910
76,Falito Allchorne,156-52-5112
77,Sarette Skoughman,424-33-6520
78,Hilliary Kunat,193-69-5678
79,Alf Janning,766-77-5652
80,Davis Devenny,630-44-6379
81,Freedman Bagger,569-02-2173
82,Elise Eschelle,826-76-4629
83,Denny Breffit,221-35-3197
84,Betti Quincey,382-44-5209
85,Ken Bartolommeo,520-35-2234
86,Peggi Kensitt,573-44-0724
87,Maurie Foster-Smith,803-82-7224
88,Meg Viggers,348-45-8278
89,Janek Latus,359-53-9427
90,Ally McGuirk,838-37-7268
91,Marcelle Waind,353-15-5932
92,Lotta Whitham,126-84-0158
93,Norri Kahn,736-23-6805
94,Harvey McClements,345-40-8215
95,Durant Sheerman,617-72-1743
96,Melva Matovic,234-73-7072
97,Godiva Kahane,587-75-6529
98,Carey Androletti,551-67-2199
99,Deb Barfoot,289-64-6782
100,Michel Karran,842-18-7699
101,Barty Bernardeau,576-10-7084
102,Constantia Sturgess,725-84-1254
103,Dyan Fuxman,149-06-8369
104,Lowell Jesteco,885-75-5567
105,Suzy Howie,450-87-0285
106,Cleavland Grabeham,525-35-4979
107,Lib Anan,777-54-4850
108,Tann Whimper,338-41-3418
109,Kyle Cullity,251-96-7363
110,Shelia Turtle,288-88-5949
111,Cash Aspling,422-86-8254
112,Colette Urvoy,489-83-8894
113,Justinian Trinkwon,643-31-3458
114,Zarla Theunissen,558-31-2165
115,Mart Bront,532-63-0319
116,Fina Bothen,817-02-4702
117,Christy Whapham,150-19-9876
118,Dorree Artharg,365-91-5901
119,Kayle Brewster,162-72-0232
120,Jinny Charnock,802-80-4631
121,Berthe Klosges,601-27-0043
122,Tiphany Readett,560-61-5241
123,Galen Mordey,101-45-0698
124,Edy Pawelczyk,145-31-2258
125,Adey Kemmey,335-21-7542
126,Ruthann Escofier,401-08-6178
127,Raymond Wyson,210-47-2329
128,Libbey Klageman,775-19-2293
129,Daryn Snoddy,234-50-8599
130,Dianemarie Howison,721-83-0778
131,Shaylynn Needham,841-43-6143
132,Chandra Paulisch,495-20-0394
133,Georgi Marrian,378-15-5474
134,Emmaline Taborre,387-79-8539
135,Danya Episcopi,346-18-7849
136,Gayler Tournie,805-52-2227
137,Jeri Romain,255-90-4619
138,Jennie Rylands,650-11-4842
139,Lowell Fri,536-56-3154
140,Lilly Phillipps,701-89-8657
141,Johnathan Shoveller,160-03-1446
142,Noelani Brugger,500-93-0609
143,Effie Minghetti,752-64-8664
144,Woodie Winspire,332-88-8990
145,Shaw Gyse,318-99-7636
146,Aluin Flegg,661-91-1157
147,Karim Brusby,655-80-9939
148,Erhart Robelet,820-50-4296
149,Cordelia McIlmurray,875-08-1677
150,Sherlocke Losemann,410-12-6483
151,Amata Croll,548-46-7719
152,Ernestine Golden of Ireland,811-28-0222
153,Dolph Scoyles,223-06-3458
154,Albertina Klewi,155-61-2935
155,Renaldo Houlworth,449-15-4892
156,Dot MacCallester,422-49-1183
157,Avigdor Boother,787-98-7717
158,Obadias Tomczynski,780-75-9378
159,Shanta Jarmain,506-28-1856
160,Mimi Merritt,537-26-9851
161,Kania Brimmicombe,197-93-4880
162,Jammal Everiss,318-46-1582
163,Ham Shelf,815-91-5507
164,Martita Havile,282-58-1074
165,Zane Ullock,852-14-6479
166,Clemmy Blagden,388-22-8081
167,Riccardo Haveline,731-46-9531
168,Emlen O'Flaverty,506-73-7016
169,Sioux Rawcliffe,392-38-9396
170,Harmonia Argente,308-44-0437
171,Gordan Beynke,779-40-3797
172,Jenifer Dore,865-67-8295
173,Erin Cordeau],388-03-4711
174,Chere Wedlock,841-05-5732
175,Bili Skipworth,819-54-3940
176,Brodie Belone,142-67-2097
177,Hyacinthie Crossley,776-14-9754
178,Cloe Bartholomew,270-71-2469
179,Emilie Akett,437-82-4757
180,Michell Teale,195-39-7230
181,Thorn Trood,551-39-9215
182,Josephina Matteotti,121-96-3639
183,Rutter Blazhevich,334-79-6924
184,Nels Drage,312-81-4736
185,Terrell Whiteside,192-03-5059
186,Sergio Quinnell,892-33-9668
187,Christine McEniry,440-29-8065
188,Malva Gunney,385-37-6717
189,Arlyn Gisburn,248-20-1400
190,Jori Romao,497-90-3811
191,Rockie Gretham,123-16-4056
192,Jermaine Stoyle,673-75-2954
193,Granthem Custance,399-92-9092
194,Stu Ertelt,615-93-6636
195,Evonne Lilie,556-20-0383
196,Karia Coulman,798-66-1408
197,Agosto Jura,222-08-1786
198,Merl Ricket,698-35-0772
199,Charin Reily,298-72-8271
200,Adorne Bellam,354-76-5286
201,Angele Aistrop,820-97-7296
202,Sada O'Meara,677-41-3391
203,Diena Cockhill,744-70-1552
204,Karalynn Kunzler,480-10-4029
205,Sunshine Tacker,393-61-9948
206,Janel Zimmermeister,729-56-3304
207,Fabien Hovington,359-32-5447
208,Aguste Gravener,425-26-6995
209,Aurora Whopples,432-41-0455
210,Nertie Orehead,449-19-1420
211,Jerome Salatino,743-17-7133
212,Eada Dagleas,796-14-3755
213,Jammal McGrah,121-45-2939
214,Mile Vecard,309-64-3736
215,Tracey Millington,249-31-6646
216,Del Dury,523-67-4657
217,Mano Vellender,434-22-5553
218,Kimmie Weight,699-65-0834
219,Jock Larkkem,199-45-7263
220,Jamesy Kiernan,191-23-3797
221,Jobyna Benedicte,555-80-7450
222,Modestine Beden,456-40-9889
223,Arty Lesmonde,150-73-0813
224,Wylma Greed,447-43-6367
225,Raff Warlock,546-73-0802
226,Anastasia Punch,273-81-5625
227,Nicolas Abramamovh,557-21-4918
228,Brantley Niaves,650-89-4414
229,Jae Surphliss,617-26-7545
230,Meggie MacKonochie,368-58-0120
231,Hatti Safhill,678-38-6820
232,Annmaria Hospital,224-47-4002
233,Tish Glentworth,331-45-3241
234,Sheilakathryn Frenzl,803-71-4022
235,Liv Huff,837-63-4539
236,Fabian Wealleans,119-50-3255
237,Cindee Skippen,251-16-9534
238,Peder Enrico,296-92-1604
239,Padriac Davidove,717-29-0817
240,Jamaal Fleg,747-27-3523
241,Dene Cheltnam,545-38-0036
242,Robbin Linfield,628-59-6759
243,Gratia Creech,466-79-9373
244,Yoshiko Vinick,294-27-9721
245,Willy Gettins,280-35-7997
246,Karissa Gligoraci,539-16-3436
247,Tabitha Zappel,637-58-8373
248,Cornelius Kearney,349-44-2465
249,Tabby Alliband,861-57-2878
250,Reinaldo Kimpton,560-99-2610
251,Alvina Sinkings,584-08-1720
252,Wilbur Tallman,382-91-9430
253,Cortney Mabbett,416-04-4138
254,Sayre Iacovolo,490-03-4179
255,Gerladina Trahar,504-78-2877
256,Carey Heinsh,846-24-3608
257,Torrie Kellog,228-83-9752
258,Russ Andrick,790-37-8900
259,Harold Guerreru,637-59-8070
260,Tabby Samworth,753-45-6166
261,Roshelle Bowery,238-34-8148
262,Odell Wyre,702-66-2097
263,Venus Lingard,155-29-2513
264,Tracee Moine,820-28-4373
265,Ramsey Werrit,279-27-1326
266,Brittani Hallwell,357-39-8082
267,Darrin Laker,521-56-4111
268,Belia Enderwick,210-12-9474
269,Galen Abbie,564-48-5736
270,Eveleen Purbrick,263-13-0539
271,Rae Hofler,389-52-1249
272,Elmira Peerless,223-24-0590
273,Bentley Thomsen,582-74-9727
274,Noby Pickavant,477-01-9020
275,Stacy Stetson,219-46-6737
276,Harriet Labden,686-06-9412
277,Lotta Lampkin,165-42-2269
278,Darya Chartman,453-93-6110
279,Zacherie Valentelli,415-65-2077
280,Katina Dundendale,610-21-0758
281,Colver Cecely,275-72-3391
282,Gallard Jerson,517-18-1385
283,Purcell Tudor,526-60-9924
284,Melodie O'Gorman,560-65-7569
285,Marketa McMichell,577-01-9478
286,Cindra Povey,336-87-7776
287,Terrance Minerdo,179-58-0735
288,Julianna Champ,654-56-8422
289,Ofelia McMullen,698-08-0663
290,Conan Monkley,339-14-3579
291,Rennie Ferry,411-55-8763
292,Giacobo Basketter,302-65-4155
293,Frieda Alentyev,487-86-2107
294,Fran McNae,644-02-3005
295,Fax Canland,433-15-5605
296,Brandi Jimpson,165-40-0011
297,Harlene Burris,132-82-5365
298,Garrik Naul,102-37-2978
299,Dudley Heining,889-31-4065
300,Arlee Brownsword,460-61-7630
301,Saundra Le Clercq,180-29-9519
302,Ephrem Colchett,330-26-9517
303,Angele Boncore,279-36-6822
304,Roxana Hassur,744-61-4633
305,Vivi Gracewood,694-48-8155
306,Cissy Yurevich,635-99-3176
307,Giffy McNellis,197-50-0131
308,Cale McCree,296-15-8582
309,Willyt Larmett,273-45-0548
310,Jeri Gillbard,700-21-5654
311,Annnora Burges,641-06-9125
312,Valerie Lawman,279-10-6227
313,Jesse Gladyer,433-87-0941
314,Arvie Fassman,739-18-5659
315,Sly Rayman,390-75-7162
316,Aleece Ripper,815-48-7092
317,Cecily Riggulsford,458-13-9498
318,Yul Baughn,319-60-3936
319,Francyne Willshee,290-51-6829
320,Alexine Warboy,186-67-3683
321,Eugenio Spofforth,241-27-7873
322,Letisha Jina,757-94-1258
323,Bride Bullock,236-05-0738
324,Collen Pawlowicz,248-84-9041
325,Bertram Mynett,432-63-2413
326,Codie Camis,604-66-8160
327,Peggy Niesegen,392-05-1740
328,Roda Blunsum,438-82-4221
329,Glenine Stroud,898-56-0422
330,Delainey Huckleby,477-87-2391
331,Hetty De Minico,843-55-1396
332,Pablo Landrieu,537-27-8561
333,Kurtis Willarton,150-82-0049
334,Gilburt Brazur,305-34-6173
335,Salaidh Simionescu,655-21-6924
336,Pattie Ferrers,209-29-8478
337,Chrissie Short,389-44-2866
338,Gladys Wilbud,262-34-0154
339,Agretha Challen,390-56-2903
340,Roda Frome,281-87-0979
341,Tiler Mattecot,503-03-7347
342,Latisha Cockayme,198-96-9092
343,Adrianne Lewing,621-50-0949
344,Reinhard Dissman,377-97-2565
345,Aileen Bernardes,439-21-8901
346,Lauree Hawkshaw,181-13-4788
347,Ware Struther,313-22-7093
348,Bidget Jeffcock,368-60-1676
349,Gwynne Patrie,793-38-0221
350,Lorelle Stanex,728-22-2030
351,Aurie Izod,452-42-4469
352,Denny Garrud,279-67-5154
353,Garth Hadden,559-16-9693
354,Dian Carlo,371-17-7054
355,Janeva Pannett,114-25-3743
356,Cort Poultney,477-49-2721
357,Zack Rolingson,126-17-5641
358,Eve Finnes,476-25-7127
359,Yale Dunbar,149-72-2369
360,Lenette Leates,197-63-5480
361,Kaia MacGilfoyle,183-36-2678
362,Christoper Camilletti,216-07-7508
363,Otto Clavering,402-85-8002
364,Casper Haug,548-55-5157
365,Brandy Mayte,644-87-5047
366,Bayard Dutch,423-25-5933
367,Daffi Tidder,598-10-8958
368,Anya Fairbourne,145-42-3134
369,Malynda Jorin,515-77-0513
370,Camella O'Dyvoy,846-69-2416
371,Lorettalorna Gobolos,538-04-8351
372,Abrahan Thieme,698-72-4548
373,Beverlee Soutter,346-45-8576
374,Lukas Jillings,621-65-8216
375,Lilias Andrys,797-87-2530
376,Antone Penhalewick,184-08-0049
377,Nicolis Verny,419-79-7427
378,Stephie Tooley,870-77-8414
379,Roy Sleeman,516-01-4903
380,Evelyn Finnie,257-12-4862
381,Quintilla Cawdery,888-54-7974
382,Stanly Mattessen,563-11-3490
383,Rollie Dono,651-29-8578
384,Anna Back,357-97-9736
385,Rutledge Shillam,209-18-5295
386,Emanuele Insworth,868-39-6427
387,Codie Steketee,671-17-5410
388,Chicky Bentson,805-13-1702
389,Fanni Pingston,674-49-7589
390,Barbey Lorenzini,268-52-4003
391,Mylo Hawarden,888-06-8505
392,Jerrine Vasnetsov,269-21-9910
393,Kaja Graveston,180-80-4879
394,Ruggiero Szanto,140-98-8919
395,Kelly Thomasson,813-15-9883
396,Rutherford Wynch,410-02-8105
397,Odo Klimt,557-16-7088
398,Hartley Gligoraci,664-20-5088
399,Honey Cockarill,188-56-1173
400,Christine Goozee,894-83-4794
401,Aeriel Parris,559-03-6111
402,Grethel Davage,570-32-0045
403,Helen-elizabeth Biggin,452-44-3302
404,Quinta Pendock,178-42-6192
405,Neddie Sancto,894-19-8054
406,Niko Halloran,365-45-5704
407,Anya Tunnoch,672-56-2633
408,Terrell Geroldi,813-19-4721
409,Olly Pancast,528-81-2403
410,Englebert Eastbrook,581-45-3026
411,Trenton White,182-97-4777
412,Carey Jervis,262-07-0912
413,Corbie Roddam,196-45-9318
414,Kandace Mabbe,241-62-7533
415,Andy Foskett,128-57-6828
416,Bea Courtman,441-99-6792
417,Jessie Lipman,573-37-8986
418,Sergei Woodyeare,430-35-2137
419,Gianni Whitebrook,813-63-9934
420,Sharleen Dennistoun,799-51-1762
421,Emmeline Lefwich,556-73-8240
422,Dorelia Banner,859-67-3588
423,Georas Arrell,192-13-8785
424,Maddalena Skedgell,187-61-8507
425,Cristi Creevy,128-32-7848
426,Shepperd De La Cote,411-31-4356
427,Zacharie Corriea,365-25-6717
428,Tess Corr,464-12-3367
429,Kerstin Gabrieli,502-05-0968
430,Nelle Symington,317-67-3074
431,Egan De Malchar,883-44-5534
432,Dulci Fields,865-75-8834
433,Selle Scoffins,522-13-8844
434,Rustie Degenhardt,834-84-9675
435,Almire Semiras,673-37-5327
436,Sadye Iley,163-61-4130
437,Hildegarde Nurcombe,562-88-4008
438,Paige Tonkinson,546-75-1288
439,Lemmy Cafe,217-11-3278
440,Leoline Finci,754-95-6736
441,Holmes Dwyr,559-95-5368
442,Marc Rook,321-93-8530
443,Darcy Gehrels,125-84-0373
444,Melisa Moses,476-50-9882
445,Henrik Benedettini,744-68-0725
446,Joni Draude,692-72-8533
447,Tyrus Robertis,516-10-1747
448,Isidore Marklund,658-16-2683
449,Enid Pane,698-19-7342
450,Ruthi Cobello,388-48-5366
451,Tanya Swaffield,774-59-6175
452,Flinn Whatling,380-99-7986
453,Idelle Syddie,141-23-7549
454,Camellia Bransdon,725-13-1271
455,Christen Pomeroy,535-90-3813
456,Creigh Cowpertwait,549-21-8464
457,Marilee Szymon,152-71-1445
458,Ephraim Iorillo,693-46-1671
459,Stanislas O' Loughran,285-74-8006
460,Gelya Chiles,491-61-3381
461,Lynnette Squibbs,711-20-0052
462,Herrick Toderini,557-18-5545
463,Loralyn Pullinger,789-97-3112
464,Nanine Wagstaff,104-46-8806
465,Vicky Lygoe,493-25-5471
466,Audry Pottie,735-64-9919
467,Quintilla Milch,378-37-5594
468,Netti Behnecke,766-34-0169
469,Trixy Tainton,242-09-4809
470,Sara-ann Gallaher,769-52-7197
471,Ody Hasson,325-44-0432
472,Johan St. Louis,323-30-0071
473,Bernie Gordon-Giles,369-09-0505
474,Berte Jerrold,881-97-6653
475,Budd Vamplers,340-29-7215
476,Osmund Harbage,285-13-6459
477,Porty Teaser,660-59-2285
478,Kerrin Trott,563-93-0257
479,Ibbie Physic,288-16-4544
480,Bartholomew Dobbie,850-45-0115
481,Kendal Smallshaw,161-99-4747
482,Shaughn Russel,358-74-0670
483,Jazmin MacCallester,182-74-4205
484,Christopher Dellit,147-59-3687
485,Smitty Castagnet,230-26-6118
486,Dalt Gosneye,362-34-0768
487,Charley Girodon,221-84-6623
488,Juliana Astbury,484-59-4893
489,Tobye Hlavecek,343-25-2225
490,Romy Kitchen,888-71-5792
491,Roz Malletratt,260-81-1249
492,Abner Lorans,374-78-3503
493,Forrest Barnby,433-64-0145
494,Wini Yong,737-62-6197
495,Marian Maleby,399-27-7672
496,Ely Rostern,775-75-1425
497,Ernst Burtwell,328-77-0872
498,Pen Morfey,221-57-1652
499,Udale Glewe,220-23-3880
500,Millicent Dibben,270-24-4301
501,Vitia Mynott,672-18-3179
502,Dynah Scutt,766-46-4768
503,Albrecht Courtier,240-75-8197
504,Cary Alejo,199-65-0410
505,Alwin Garrelts,779-76-6914
506,Orelia Struan,111-33-8813
507,Lindsey Wynne,541-17-5949
508,Rosalyn Lartice,471-66-2830
509,Yankee Tidder,818-44-8213
510,Yancey Baudry,683-74-0842
511,Peggi Sheaber,887-44-7381
512,Kristine Handy,586-72-2432
513,Fanya Muckleston,653-47-7188
514,Trescha O'Neal,287-19-1537
515,Harriot Matthewson,465-53-0145
516,Merv Cattanach,424-88-5328
517,Dasi Trevillion,705-46-0220
518,Perl Oxberry,577-09-9254
519,Janine Sillito,854-29-1891
520,Rodrique Olpin,432-30-2893
521,Huberto McNeillie,300-70-7916
522,Willamina Michelle,225-34-7930
523,Fayth McCroft,108-71-5728
524,Corny Manlow,773-99-3540
525,Noel Antowski,811-24-5423
526,Blanca Creus,500-47-3795
527,Reynolds Layzell,615-36-7471
528,Elliot Perrins,699-77-0358
529,Rudiger Litterick,865-35-2199
530,Nye Dunklee,669-28-3964
531,Darb Simonaitis,828-64-7581
532,Shelbi Gillott,465-69-7846
533,Woodman Toogood,492-97-5038
534,Abraham Bodham,507-28-5306
535,Jordanna Tinkham,207-77-7291
536,Lisetta Cumpton,567-54-3253
537,Viole Itzkovwitch,463-31-0369
538,Cleon Whitsey,847-68-6742
539,Dimitri Lawee,315-03-0302
540,Stevy Dussy,563-01-7104
541,Leonardo Hyder,415-38-6459
542,Elmore Schwanden,785-16-8538
543,Lurline Cartmael,207-22-1583
544,Trixie Matyushenko,163-70-4213
545,Jacquelin Trevino,587-48-6085
546,Ripley Recher,232-96-4649
547,Fraser Artus,387-03-4577
548,Lind Dumbreck,141-96-4587
549,Virgie Calver,224-47-9100
550,Concettina Bunnell,406-09-9265
551,Bealle Wards,265-92-2431
552,Cully Faustin,353-46-3310
553,Carri Seivertsen,685-81-4071
554,Nickolaus Tuffield,268-81-9235
555,Lexis Blower,483-39-6983
556,Midge Leman,702-33-9514
557,Marijn Wallbanks,681-78-6660
558,Bird Duddin,189-79-3673
559,Chrystel Bartke,851-66-3572
560,Dillie Crutchley,613-59-2755
561,Torin Knighton,500-25-7468
562,Olin Duesbury,732-24-6025
563,Sheila-kathryn Brine,580-46-5831
564,Morey Woffinden,741-28-4551
565,Lira Manie,834-39-5395
566,Nickolas Halsey,853-30-7603
567,Lilias Aldhouse,531-57-4625
568,Ulrica Shipcott,210-94-5991
569,Ailey Inchboard,125-04-9163
570,Mohandis Devas,811-13-8238
571,Miguelita Layne,632-80-7501
572,Fraze todor,444-25-2280
573,Eustace Jancey,443-98-7353
574,Merry Franses,702-55-5984
575,Clerissa Hickenbottom,512-51-5110
576,Jehanna Lanegran,796-71-5999
577,Johna Taft,220-79-9988
578,Doralynne McCrisken,222-07-9184
579,Ree Belverstone,819-36-8797
580,Jocelin Keasley,495-56-3561
581,Bethina Fomichkin,197-99-3429
582,Hardy Kinchin,665-97-9792
583,Dennison Curryer,140-51-6436
584,Candi Joan,722-75-2153
585,Eloisa Hourston,129-04-6640
586,Belle Garratty,489-12-7719
587,Lamar Judkin,502-85-9896
588,Ferd Baptist,642-61-8128
589,Conny Walklett,534-14-3458
590,Hugues Oene,139-62-0392
591,Denice Dear,388-45-4517
592,Griffith Westoll,383-86-4430
593,Merci Carlson,497-45-2282
594,Abelard Kristof,378-96-6632
595,Normy Shapera,664-52-3875
596,Elonore Grigoire,256-70-4252
597,Constancia Esslement,189-73-3053
598,Marchelle Ellington,156-49-7451
599,Georgeanna Hellin,142-87-8849
600,Joelie Coltherd,241-54-9701
601,Hort Sweeney,318-92-6613
602,April Bursnell,481-71-4319
603,Lyndell McCartan,600-65-1026
604,Reeva Mithun,572-79-3340
605,Kliment Ashbrook,605-36-8471
606,Maddie Blemings,176-59-8223
607,Merilyn Rozycki,300-54-8348
608,Noni Flea,287-96-6936
609,Beck Walesby,286-19-6226
610,Renie Lowdwell,447-51-2977
611,Cody Jinkin,582-13-9611
612,Andrea Seywood,888-32-1672
613,Mabel Rowlands,661-42-5794
614,Lisabeth Roskelly,471-55-7959
615,Chip Balducci,764-49-2767
616,Dacy Fricke,685-80-9960
617,Fredericka Coppard,374-48-4736
618,Shaylyn O'Reilly,127-33-0393
619,Davidde O'Currane,707-66-4038
620,Finn Relf,797-85-0198
621,Jerrome Luard,137-54-3298
622,Paule Calvie,728-21-4652
623,Nelli Cresar,339-14-2324
624,Doralia Rookesby,590-25-4981
625,Robin Yea,524-22-3832
626,Christophe Lambird,394-47-2688
627,Kimberly Caramuscia,605-23-2256
628,Nolana Rengger,449-37-8580
629,Mateo Veldens,575-16-7984
630,Billye Boays,385-12-6517
631,Bertha Burrell,110-27-1643
632,Darren Brame,706-95-3571
633,Linoel Oldford,365-46-3856
634,Karon Wasiela,806-96-1507
635,Costa Berthel,551-86-3248
636,Stan Bartoloma,364-56-5013
637,Vail Land,328-71-4508
638,Jodie Huddlestone,870-40-4067
639,Ynez Golden of Ireland,701-70-3380
640,Mendy Vinsen,794-17-5360
641,Shannen Priddey,350-68-6278
642,Ingamar Cornbill,740-93-0178
643,Gardner Dobble,239-86-5085
644,Carly Nannini,146-97-8594
645,Kirbee Blanden,808-26-2951
646,Iver Langley,148-95-2573
647,Eran Traher,395-55-8637
648,Barrie Toman,296-20-7715
649,Harmony Jennings,850-91-2426
650,Jasper Pride,340-13-3127
651,Marsh Macvey,625-28-5848
652,Jamill Flecknoe,678-51-0954
653,Cathee Erbe,742-61-0525
654,Rurik Guiel,893-47-9330
655,Pace Shire,289-52-9729
656,Darice O'Hear,477-61-6497
657,Phyllis Tolchar,298-61-1298
658,Lesya Urch,178-42-8739
659,Ariella Ellery,434-07-5590
660,Gay Alentyev,298-07-4277
661,Luise Bythway,498-78-2188
662,Garwin Wagge,243-65-4124
663,Martina Crippin,406-90-0914
664,Belva Woodwing,302-24-8321
665,Padraic Dutton,800-18-8890
666,Jillene Cullon,241-35-6378
667,Dulcea Watkiss,834-81-4808
668,Nigel Bollam,654-14-4574
669,Avivah Warcup,246-75-2799
670,Cornelle Blanchette,395-89-6158
671,Carolus Brackenbury,895-92-6703
672,Myrlene Winfindale,193-69-7478
673,Hagan Witherdon,411-67-1057
674,Roxi Sloey,512-99-9018
675,Bernardina Matterdace,210-67-5606
676,Amby Fleet,571-67-7272
677,Rayner Crayke,378-99-5921
678,Schuyler Powney,653-96-4752
679,Maje Niece,742-02-7878
680,Warden Endean,213-78-3177
681,Ozzy Prisk,428-20-0154
682,Abbie McSharry,465-28-4778
683,Cybil Zuppa,408-37-4642
684,Perceval Copins,561-31-7539
685,Martie Farrin,426-32-6351
686,Melesa McCrudden,484-11-6783
687,Netty Antognelli,229-73-1662
688,Corliss Lount,813-73-9860
689,Rhiamon Eliasen,686-67-4891
690,Colin Smeaton,733-01-1907
691,Donnell Tulleth,761-09-5787
692,Stacie Jevons,686-62-4483
693,Ced Tomasino,866-18-0897
694,Corbet Wyard,869-50-9474
695,Babb Celloni,420-98-8365
696,Cornell Stallybrass,895-57-9136
697,Alina Greggor,102-11-8296
698,Nataniel Girdwood,253-49-5575
699,Charity Goslin,519-20-9088
700,Sibeal Tommeo,807-37-8523
701,Freddie Attwoul,450-15-3579
702,Babara Danilevich,561-26-3898
703,Town Beddoe,879-83-7433
704,Noby Whotton,438-10-1971
705,Jody Sinott,173-90-4695
706,Jermain Gilluley,242-81-7031
707,Valera Hellyer,577-92-3730
708,Allsun Sorro,758-73-5059
709,Gerti Scholefield,638-67-7869
710,Aldo Thomel,578-13-2064
711,Dynah Cawthera,637-20-5841
712,Barnett Bendley,421-27-3835
713,Justus Loins,346-95-5073
714,Terri MacGarvey,869-73-1198
715,Elliott Kays,454-36-2009
716,Nara Swate,864-39-3443
717,Dacie Portriss,856-05-8049
718,Barton Raithbie,201-87-6682
719,Koressa Walcar,110-06-4674
720,Aryn Malletratt,221-69-6885
721,Alane Simco,575-88-8441
722,Caro Leftbridge,817-26-1373
723,Mamie Gann,175-22-4140
724,Angel Wolfenden,655-73-5049
725,Jordon Jeary,425-01-4447
726,Valentine Wayne,401-46-5025
727,Kurt Hexter,145-15-2984
728,Davon Corsor,568-40-8711
729,Merry Lockier,406-56-3949
730,Burt Twatt,151-24-1341
731,Merrill Wilden,196-97-9777
732,Ebeneser Boocock,153-56-3198
733,Mable Dudin,491-73-7387
734,Amelina Vannikov,158-56-4740
735,Addi Remmer,844-54-5040
736,Karoly Wayon,436-59-8094
737,Hashim Verry,236-15-6744
738,Janna Sotham,299-40-6701
739,Westbrook Marmyon,285-21-5579
740,Scot Pritchitt,129-23-0214
741,Philomena Grute,455-41-3744
742,Koressa Ebi,251-05-5996
743,Nickolai Rehm,385-20-0573
744,Shena Ivashchenko,288-59-3370
745,Shayla Espie,726-03-1396
746,Padriac Ganing,586-78-8013
747,Vite Barensky,649-86-5382
748,Denys Idiens,190-79-9726
749,Otto Readman,211-31-7188
750,Ed Rubenfeld,533-96-6787
751,Nariko Scarlan,580-97-2576
752,Lurlene Bithell,464-09-1592
753,Renard Waything,407-87-1856
754,Ax Westwater,692-64-1670
755,Corissa Joel,850-48-7336
756,Aland Steedman,894-21-0433
757,Dilan Deme,657-39-1752
758,Torrey Parmby,251-27-0978
759,Kial Carsberg,540-89-6298
760,Judd Cronk,541-94-9964
761,Joby Beddow,426-46-9617
762,Kelcie Pullar,532-99-2552
763,Kim Tobias,430-89-1779
764,Dee Baudou,327-75-9323
765,Noemi Bridgeman,122-86-8587
766,Alejandra Scottrell,851-47-3926
767,Mira Mannooch,159-87-7523
768,Lynn O'Kennedy,872-66-1900
769,Bradley Boucher,749-04-1966
770,Burnard Slainey,434-39-0565
771,Beatrice Balthasar,689-73-9601
772,Adelina Redmond,895-08-1136
773,Joana Everex,454-15-5328
774,Zaccaria Davis,709-81-8064
775,Teirtza Berwick,487-37-4004
776,Jacinda Lehrian,828-92-7048
777,Farlie Tarquinio,303-07-8441
778,Franklin Chappelow,529-46-3797
779,Kirby Melville,272-68-9379
780,Lazar Vigne,291-71-4551
781,Gianina Dmisek,676-18-9538
782,Laure Bosdet,296-20-1433
783,Bess Rollinson,108-14-5665
784,Tera Regus,664-39-0415
785,Ewen Stitch,738-29-7051
786,Phaidra Mars,478-44-1704
787,Teri Richemont,724-26-6735
788,Enrika Brasseur,789-58-6019
789,Orville Aysh,478-28-0654
790,Frazier Thoma,274-61-0846
791,Tabbie Cabane,672-11-4434
792,Nicolai Kelbie,481-68-2228
793,Iormina Stollsteiner,143-60-8874
794,Elmo Poinsett,764-18-7562
795,Vyky Trevillion,858-68-9188
796,Lem Offener,439-59-9393
797,Cosimo Muzzillo,403-95-2214
798,Brittani MacGauhy,394-91-3197
799,Rem Eliesco,444-33-2766
800,Dominga Caldera,202-90-2002
801,Mel Van Hault,714-81-5529
802,Eloisa Kulas,642-55-3203
803,Daffy Antognozzii,579-86-9972
804,Mariellen Vasyukhin,344-90-4723
805,Rollo Konert,793-57-2291
806,Erica Balasini,501-26-1622
807,Nicolais Cradick,157-91-8679
808,Bayard Dri,836-98-7630
809,Otto Ffoulkes,570-69-1049
810,Meagan Sharples,684-91-5083
811,Pru Scollard,278-16-8364
812,Haydon Brittlebank,838-24-4178
813,Ase Burgwin,532-39-0581
814,Willa Coleiro,539-05-6187
815,Jules Gamblin,828-19-4340
816,Corey Whylie,753-27-5682
817,Fair Upton,362-55-4353
818,Valle Lethardy,802-79-6655
819,Rubina Doran,883-48-3522
820,Derek Ochterlony,787-03-6349
821,Hollis Legh,232-78-9748
822,Nobie Rolls,247-59-2915
823,Bennett Dumpleton,789-91-4805
824,Natalie Maasze,111-74-0799
825,Brian Verillo,880-60-6448
826,Lizette Helsdon,231-20-2388
827,Tiphanie Spat,330-34-7642
828,Chantalle Ludgate,811-50-7254
829,Ann-marie Liversidge,740-78-4854
830,Cherilynn Rossbrook,425-68-2693
831,Flossie Russo,575-11-1526
832,Avril Reisen,370-52-0508
833,Reynard Aveling,749-67-5054
834,Demetrius Baudinelli,205-10-0206
835,Blakeley Poolman,536-21-7639
836,Drona Maleck,698-08-9679
837,Kahaleel Dove,107-30-2141
838,Karol Jirka,269-14-7551
839,Cooper Polle,175-57-1538
840,Dianne Owens,136-89-2683
841,Pebrook Videler,784-67-5228
842,Claudie Heatherington,203-03-4498
843,Juditha Ludmann,893-16-8496
844,Roxy Dahler,146-35-4500
845,Guinna Millar,153-61-6161
846,Waverly McTurley,602-59-7078
847,Abbye Vasyanin,669-04-8893
848,Gerry Finney,310-28-0790
849,Rube Andrichuk,820-05-6849
850,Karalynn Aimson,663-62-1729
851,Hogan Lunck,682-85-9993
852,Pepito Carl,320-48-9539
853,Boothe Heikkinen,411-77-4190
854,Boy Lytlle,526-77-0023
855,Cinnamon Bremley,863-86-0781
856,Frederick Cassimer,244-74-3473
857,Jacquenetta Dumpleton,220-56-9786
858,Cordey Klausewitz,803-99-7345
859,Fred Julien,711-53-0241
860,Lisbeth Renhard,516-66-8072
861,Dugald Buckthorp,754-45-7541
862,Lillian O'Hare,700-68-2505
863,Granny Baile,871-60-3670
864,Lezlie Burdett,122-40-1125
865,Perkin Gergus,245-98-1860
866,Kele Esterbrook,823-24-0686
867,Guillema Sket,853-61-8387
868,Cully Headech,581-53-9356
869,Marjy Nairns,243-50-3676
870,Viva Bugs,448-10-0197
871,Paco Gadsdon,862-70-6413
872,Tobe Capelow,112-29-1946
873,Harriott Pinel,395-92-3362
874,Dani Kenan,729-27-3886
875,Dannel Adds,311-08-2381
876,Buddie Dunford,485-39-5324
877,Kettie Scaysbrook,892-49-4054
878,Carmencita Gian,653-33-7781
879,Myrtia Le Floch,877-96-1944
880,Elmer Rubinov,498-63-3314
881,Wallie Packwood,661-23-7896
882,Eimile Branston,219-73-2051
883,Elwyn Marlor,211-45-1531
884,Gawain Youel,213-93-8276
885,Edeline Wilden,865-66-1167
886,Randal Stansell,592-28-4365
887,Dita Sorsbie,895-27-4712
888,Andris Baddow,707-43-8658
889,Cyndi Simonelli,234-20-0554
890,Esther Saveall,442-42-8083
891,Hope Swepstone,676-14-9750
892,Frederique Hammill,797-30-1426
893,Quincy Tomkies,302-91-9126
894,Lishe Christoffe,824-04-6680
895,Karalee Hawkeridge,814-05-8797
896,Eugenie Drewet,276-64-6535
897,Hilliard Ortmann,742-01-6408
898,Debbie Norvel,187-27-8591
899,Bailie Emmert,790-51-5661
900,Vania Spaight,474-53-7399
901,Ebony Scopes,564-45-9116
902,Camille Zincke,156-56-3875
903,Christa Beacroft,342-43-4804
904,Hedda Waleran,515-91-8406
905,Sianna Jocic,506-58-4124
906,Dallis Keelin,811-32-9175
907,Amelie Cherrington,731-75-7232
908,Claiborne Cunnington,390-81-7783
909,Joleen Spearing,563-68-1463
910,Marmaduke Getten,130-86-4164
911,Ariel Baish,107-74-1610
912,Weylin Shankster,830-10-4178
913,Alidia Gyves,875-91-3309
914,Quentin Iorio,217-44-6024
915,Annadiane Cranage,169-78-7113
916,Atlante Bonwell,863-15-6367
917,Tilda Rogerson,332-67-6647
918,Eldon Banat,213-32-6117
919,Chelsie Inkles,123-57-2312
920,Ossie Spores,364-55-5813
921,Alic Moneypenny,590-01-1584
922,Marci Bertson,294-24-9512
923,Noam Jiruca,705-48-5893
924,Curr Chomicz,529-89-4105
925,Jacquenette Langdridge,886-71-4720
926,Katrine Pawnsford,340-83-6081
927,Heida Fraser,807-95-5532
928,Dmitri Gorger,653-65-1814
929,Barbie Garter,108-42-8092
930,Charil Donaldson,711-97-4003
931,Wallie Pizer,175-34-4835
932,Birch McCunn,596-36-2503
933,Viola Condit,386-85-1540
934,Urbano Grinnikov,360-62-6043
935,Izzy Etteridge,463-58-0589
936,Lisetta Ewen,741-30-1748
937,Cacilia Confait,151-86-6667
938,Hetti Soal,848-58-4871
939,Malorie Hulatt,768-45-5699
940,Calida Mc Harg,759-12-7097
941,Casi Risby,135-79-1103
942,Erminie Heningham,496-17-5159
943,Raleigh Ramlot,551-52-1238
944,Natty Curro,175-18-0428
945,Merrilee Niece,854-67-6464
946,Aurie Marshfield,560-29-3145
947,Radcliffe Danby,368-57-1729
948,Hendrick Lillico,237-10-4534
949,Jessalyn Ould,106-93-7957
950,Cosetta Fittall,416-57-8877
951,Brett Edgecombe,606-78-2998
952,Ciro Casado,844-16-8608
953,Howie Farn,747-52-5110
954,Alejandro Spreadbury,273-87-1911
955,Tarra Rozsa,112-44-2383
956,Dalila Nowakowska,248-75-3636
957,Miles Fulstow,438-61-0201
958,Callida Marton,779-58-2416
959,Sonja Fishpoole,239-72-0102
960,Cissiee O'Curran,793-71-1308
961,Nancee MacQuaker,510-77-1988
962,Ezequiel Trillow,190-02-0055
963,Veriee Oldland,470-89-0910
964,Nani Argabrite,670-32-3320
965,Donelle Piola,401-67-1869
966,Maud Normanton,259-02-6554
967,Roana Cattemull,699-79-0590
968,Leanna Mugg,630-92-0119
969,Neall Glancey,792-83-5207
970,Angel Blockwell,599-49-8002
971,Steward Rudeforth,428-87-2974
972,Si Pantecost,343-92-0397
973,Enrichetta Langhor,791-72-7954
974,Winnie Egalton,185-82-1486
975,Roby Leacock,464-04-3864
976,Filmer Barrand,634-04-7086
977,Hew Allingham,849-34-7599
978,Claiborn Stennine,898-71-0894
979,Laurella Couttes,326-66-9883
980,Nonna Fellnee,291-88-4643
981,Katharine Hardington,233-40-0778
982,Paola Satterfitt,333-91-3860
983,Melinda Ropkes,315-28-4939
984,Aurlie Tozer,247-97-9573
985,Prudence O'Hern,592-99-0168
986,Cassondra Gawen,899-57-6610
987,Menard Mignot,892-33-0915
988,Seymour Widmore,433-12-8589
989,Linus Drakeley,872-73-3205
990,Fonzie Coggell,434-47-9282
991,Frederich Spurgeon,153-96-1025
992,Norton Pledge,835-26-5418
993,Pegeen Corns,431-76-1213
994,Marylou Dearle,804-35-8174
995,Franz Bellingham,565-30-8256
996,Ashlen Grelka,239-25-2173
997,Angelico Blackway,864-35-4511
998,Gunilla Harrower,692-20-9215
999,Riannon Overthrow,850-12-7082
1000,Cyndie Croot,294-35-1730
