id,ФИО,Стаж,Должность,Звание,Зарплата
1,Yance Rillatt,6,VP Product Management,Librarian,185930
2,Jayme Grinnov,20,Senior Financial Analyst,Assistant Manager,403370
3,Gisele Etches,8,Safety Technician IV,Developer II,223516
4,Merell Sirey,12,Legal Assistant,Payment Adjustment Coordinator,177027
5,Lenee Ciccotti,28,Structural Engineer,Staff Accountant I,171156
6,Richard Brickett,20,Cost Accountant,Human Resources Assistant IV,184401
7,Mikaela Klemenz,29,Marketing Manager,Administrative Assistant I,295164
8,Gleda Woller,30,Senior Quality Engineer,Account Representative II,321868
9,Robinett Gifkins,2,Nurse,Teacher,434024
10,Adan Bazek,24,Data Coordiator,Senior Editor,426312
11,Everett Dabnor,6,Occupational Therapist,Computer Systems Analyst II,95022
12,Howey Lyngsted,15,VP Product Management,VP Product Management,364929
13,Bram Kubes,25,Financial Analyst,Information Systems Manager,308957
14,Opalina Vannoort,9,Marketing Assistant,Sales Representative,63273
15,Britney Grent,23,Tax Accountant,Software Test Engineer II,184007
16,Jasper Joannidi,18,Design Engineer,Sales Representative,41520
17,Malvin Riden,26,Quality Control Specialist,Marketing Assistant,212588
18,Danella Braganca,22,Internal Auditor,Systems Administrator II,104977
19,Aubree Kniveton,1,Librarian,Graphic Designer,488301
20,Micheal Ammer,6,Administrative Officer,Desktop Support Technician,287898
21,Aloise Syrad,15,Senior Financial Analyst,General Manager,292376
22,Lorenza Arger,13,Environmental Specialist,Staff Scientist,471092
23,Cordy Buss,21,Research Assistant IV,Physical Therapy Assistant,497496
24,Tobias Greber,19,Nurse Practicioner,Internal Auditor,356174
25,Nicky Ditzel,19,Safety Technician II,Budget/Accounting Analyst II,475022
26,Elga Roches,30,Administrative Officer,Chief Design Engineer,352137
27,Garv Overal,9,Legal Assistant,Administrative Assistant IV,455947
28,Clementine Breeder,15,Developer II,Analyst Programmer,445298
29,Peggie Gallehawk,8,Environmental Specialist,Analyst Programmer,294207
30,Lorna Lynd,19,Data Coordiator,Editor,173399
31,Rochell Matthiae,25,Office Assistant I,Accountant IV,89926
32,Hatti Kelson,1,Mechanical Systems Engineer,Help Desk Operator,458720
33,Pooh Yarker,18,Information Systems Manager,Desktop Support Technician,424780
34,Edita Roome,20,Payment Adjustment Coordinator,Marketing Assistant,237994
35,Sigrid Brent,28,Assistant Professor,Design Engineer,191551
36,Dorrie Dyment,12,Design Engineer,Computer Systems Analyst II,343472
37,Orion Pinnington,6,Developer I,Speech Pathologist,477526
38,Marti Ghidoli,3,Accountant IV,Engineer IV,214837
39,Westbrooke Beardsall,21,Programmer Analyst III,Senior Editor,455799
40,Addy Schwandermann,26,Account Representative II,Office Assistant I,260179
41,Rayna Jedrzaszkiewicz,21,Nuclear Power Engineer,Recruiter,216592
42,Stoddard Christy,23,Desktop Support Technician,Account Executive,483390
43,Northrup Chaloner,6,Accountant III,Junior Executive,152352
44,Cammi Lockett,20,Quality Control Specialist,Accounting Assistant I,69636
45,Julita de Copeman,20,Web Designer III,Nurse,381871
46,Mirna Ronnay,29,Editor,Project Manager,109123
47,Averil Telega,11,Help Desk Technician,Graphic Designer,255206
48,Yvor Hardaker,0,Quality Engineer,Marketing Assistant,318480
49,Serena Scurman,14,Statistician IV,Civil Engineer,313876
50,Patience Bernetti,21,Office Assistant I,Tax Accountant,155970
51,Gordan Nathon,21,Human Resources Assistant III,Senior Cost Accountant,258310
52,Martha Dimmick,0,Structural Engineer,Senior Quality Engineer,295912
53,Frederic Pedlar,5,Cost Accountant,Internal Auditor,11317
54,Clarette Stonebridge,23,Environmental Specialist,Geologist IV,10551
55,Othello Pecey,27,Systems Administrator II,Business Systems Development Analyst,66460
56,Ambros Biffen,10,Business Systems Development Analyst,Environmental Specialist,341801
57,Bibby Langford,20,Internal Auditor,Tax Accountant,310257
58,Ange Thirkettle,17,Help Desk Technician,Human Resources Assistant III,80464
59,Trisha Gilcrist,23,Senior Quality Engineer,Systems Administrator II,153516
60,Caresse Gwyneth,12,Office Assistant III,Systems Administrator I,183937
61,Hillard Drummond,9,Project Manager,Media Manager IV,290288
62,Karlen Leverett,13,Speech Pathologist,Database Administrator III,77147
63,Westley Jacobsohn,28,Web Developer III,Engineer III,388018
64,Isaac Cawthorne,1,Sales Representative,Recruiter,47269
65,Isidora Troillet,11,Design Engineer,Project Manager,270899
66,Dorri Stranahan,22,Sales Representative,Speech Pathologist,451374
67,Berty Farley,9,Budget/Accounting Analyst I,Executive Secretary,38360
68,Jenni Broggio,0,Sales Representative,Paralegal,181850
69,Franchot Walters,2,Assistant Professor,Occupational Therapist,184012
70,Cass McKevitt,17,Assistant Manager,Health Coach IV,273565
71,Birk Packman,20,Health Coach IV,Associate Professor,168710
72,Helaine Gooderson,10,Assistant Professor,Librarian,4443
73,Maryellen Duding,7,Registered Nurse,Sales Associate,493830
74,Lynett Folds,3,Research Nurse,Nuclear Power Engineer,343414
75,Hatti Muselli,22,Executive Secretary,Registered Nurse,460288
76,Berni Heselwood,30,Electrical Engineer,Senior Developer,248815
77,Gwenore Sammon,25,Nuclear Power Engineer,Teacher,127380
78,Malanie McCreery,22,Recruiting Manager,Recruiter,285928
79,Maia Tidder,25,Chief Design Engineer,General Manager,382047
80,Cinnamon Gudyer,25,Tax Accountant,Environmental Tech,134561
81,Kaine Ratchford,9,Account Coordinator,Tax Accountant,492891
82,Cass Saill,26,Junior Executive,Sales Associate,115682
83,Madelaine Phizackerly,0,Community Outreach Specialist,Community Outreach Specialist,404978
84,Oliver Tirkin,21,VP Accounting,Safety Technician IV,286579
85,Moselle Guitte,20,Help Desk Technician,Editor,158078
86,Agustin Drawmer,9,Research Assistant I,Assistant Manager,151710
87,Vincenty D'Almeida,3,Director of Sales,Librarian,223742
88,Dolorita Brusby,12,Compensation Analyst,Senior Quality Engineer,439917
89,Vail Tomaszewicz,14,Desktop Support Technician,Payment Adjustment Coordinator,364362
90,Cinnamon Dingate,13,Engineer I,Administrative Assistant III,290549
91,Rianon Frude,15,Senior Financial Analyst,Social Worker,456865
92,Sara-ann Mulhall,24,Financial Advisor,Actuary,315117
93,Cleavland Minto,7,Health Coach I,Health Coach III,94313
94,Therese MacKenzie,23,Food Chemist,Desktop Support Technician,384880
95,Kriste O'dell,24,Assistant Media Planner,Associate Professor,12950
96,Selle Hymas,24,Quality Control Specialist,Operator,323947
97,Carlota Clemoes,14,Senior Financial Analyst,Human Resources Assistant III,11883
98,Tedmund Collinwood,24,Accountant I,Junior Executive,342072
99,Deeanne Brounsell,28,Professor,Actuary,5967
100,Johnathon Raynor,19,Chief Design Engineer,Chief Design Engineer,108433
101,Nicolais Goggins,0,Chemical Engineer,Financial Analyst,290265
102,Donelle Dumphrey,24,Professor,Professor,113591
103,Blinnie Liles,7,Pharmacist,Operator,289761
104,Dicky Aston,5,Operator,Desktop Support Technician,67228
105,Michelle Devericks,7,Automation Specialist IV,Librarian,276707
106,Duky Feaver,15,Biostatistician III,Research Nurse,91645
107,Leroi Harrow,22,Developer I,Administrative Assistant II,273964
108,Brittani Marquiss,13,Occupational Therapist,Nuclear Power Engineer,16781
109,Grier Whether,14,Web Developer II,Health Coach I,289966
110,Winfred Manketell,26,Programmer Analyst III,Director of Sales,115328
111,Vanny Bagnell,21,Analyst Programmer,Structural Analysis Engineer,279107
112,Rubina Croce,13,Physical Therapy Assistant,Environmental Tech,108544
113,Renault Lowdwell,13,Software Test Engineer I,Assistant Professor,410440
114,Antonie Manson,21,Internal Auditor,Help Desk Operator,31081
115,Solomon Murney,24,Human Resources Manager,Environmental Tech,434329
116,Siusan Campanelli,7,Food Chemist,Pharmacist,59500
117,Lorne Bridle,18,Associate Professor,Account Representative III,196965
118,Lilia Learmont,19,Budget/Accounting Analyst IV,Executive Secretary,50912
119,Kipp O'Kinneally,4,Senior Developer,Desktop Support Technician,7265
120,Frazer Ambrogi,21,VP Accounting,Nuclear Power Engineer,54249
121,Taber Hollyland,22,Business Systems Development Analyst,Staff Accountant IV,276325
122,Carri Tolossi,26,Human Resources Assistant III,Geologist III,32094
123,Selie Burles,30,Web Developer III,Pharmacist,462317
124,Terrijo Kernoghan,2,Product Engineer,Geological Engineer,259068
125,Locke Velden,17,Product Engineer,VP Marketing,370009
126,Debbi Tune,7,Web Developer I,Health Coach III,437727
127,Frank Southall,6,Technical Writer,Compensation Analyst,355973
128,Blaine Frammingham,26,Electrical Engineer,Budget/Accounting Analyst IV,283775
129,Nadya Odby,4,Accounting Assistant II,Account Coordinator,70024
130,Julian Maccari,6,Accountant I,Biostatistician IV,126139
131,Reginauld Waryk,9,Data Coordiator,Automation Specialist III,435960
132,Engelbert McRonald,11,Social Worker,Clinical Specialist,36878
133,Grover Dawtry,29,Financial Analyst,Technical Writer,100950
134,Tiffy Wagerfield,16,Desktop Support Technician,Recruiter,177971
135,Thorsten Bloxholm,9,Sales Associate,Environmental Specialist,364505
136,Salomo Zecchi,13,Teacher,VP Quality Control,71389
137,Abran Giffon,3,Data Coordiator,Financial Advisor,144427
138,Ab Timberlake,9,Senior Sales Associate,Structural Engineer,75936
139,Welby Reidshaw,11,Help Desk Technician,Information Systems Manager,63855
140,Burty Gateman,15,Software Consultant,Paralegal,294621
141,Cornall Conyers,28,Computer Systems Analyst II,Speech Pathologist,240483
142,Brand Timpany,18,Assistant Media Planner,Geological Engineer,116879
143,Alix McPartling,10,Programmer Analyst I,Human Resources Manager,223384
144,Lilli Chipperfield,26,Account Representative I,VP Product Management,411368
145,Marve Fellow,15,Automation Specialist I,Director of Sales,413439
146,Chanda Gutteridge,4,Chemical Engineer,VP Accounting,294595
147,Vyky Cleghorn,12,Business Systems Development Analyst,Senior Developer,490926
148,Alvera Bernardeau,27,Human Resources Assistant III,Director of Sales,114651
149,Sammie de Villier,19,Computer Systems Analyst IV,Human Resources Manager,361909
150,Godiva Poveleye,30,Help Desk Technician,Human Resources Manager,256905
151,Meredith Mawditt,25,Speech Pathologist,Human Resources Assistant III,135607
152,Dyanne Mallison,27,Office Assistant I,Analog Circuit Design manager,366608
153,Aubry Tokell,5,Chemical Engineer,VP Sales,2110
154,Franciska Jaume,13,Occupational Therapist,Social Worker,284731
155,Ker Rockcliffe,23,Structural Analysis Engineer,Pharmacist,107783
156,Jyoti Bresland,14,Sales Associate,Librarian,256618
157,Barty Cheeney,2,Computer Systems Analyst III,Senior Cost Accountant,275507
158,Harli Reddlesden,18,Account Executive,Recruiting Manager,129720
159,Hayden Jandak,26,Data Coordiator,VP Marketing,53158
160,Harriott Eytel,29,Senior Editor,Senior Sales Associate,148711
161,Alexei Coare,1,Professor,Sales Representative,198433
162,Lorena Iskower,14,Business Systems Development Analyst,Chemical Engineer,374348
163,Malena Bockings,15,VP Sales,Senior Quality Engineer,81854
164,Franky Yegorchenkov,11,Registered Nurse,Analyst Programmer,234455
165,Vale Renols,16,Analog Circuit Design manager,Software Consultant,384478
166,Johnath Panks,28,Registered Nurse,Human Resources Assistant I,393678
167,Dulcea Greason,8,Automation Specialist I,Internal Auditor,454851
168,Jeannine Lindroos,16,Quality Control Specialist,Occupational Therapist,333990
169,Andree Azema,15,Software Test Engineer I,General Manager,457076
170,Cam Tomaszkiewicz,1,VP Quality Control,Paralegal,419043
171,Nikolia Mathevon,15,Technical Writer,Junior Executive,190587
172,Wallie Woodstock,7,Design Engineer,Nurse Practicioner,110983
173,Peria Bragger,27,Engineer III,Software Consultant,94048
174,Wilone Duxbarry,26,Nurse Practicioner,Business Systems Development Analyst,448349
175,Debi Flinn,14,Chemical Engineer,Media Manager I,322809
176,Keslie Temperley,24,Desktop Support Technician,Editor,184283
177,Alexandra Najafian,21,Senior Sales Associate,Staff Accountant I,353238
178,Vanny Pickard,15,Web Designer III,Senior Developer,390576
179,Borden Loudian,24,Quality Control Specialist,Geologist I,138860
180,Latrena Polycote,22,Software Consultant,Programmer Analyst I,81260
181,Lyndsay Lynam,1,Account Representative IV,Accountant II,146544
182,Harcourt Povey,17,Geological Engineer,Cost Accountant,458398
183,Paulie Laborda,30,Executive Secretary,Engineer IV,64421
184,Henderson Wooffinden,0,Accountant II,Statistician I,328065
185,Ivett Manson,20,Financial Advisor,Marketing Assistant,245506
186,Farrah Willans,15,VP Accounting,Technical Writer,186203
187,Karrie Pine,29,Recruiting Manager,Data Coordiator,310314
188,Norri Carlsson,14,Research Associate,Recruiting Manager,245552
189,Sonny Macilhench,27,Assistant Professor,Senior Financial Analyst,120787
190,Marthena Childe,10,Social Worker,Graphic Designer,292779
191,Selma Durdy,24,Pharmacist,Senior Editor,309914
192,Ruben Kubica,26,Senior Cost Accountant,Statistician IV,188635
193,Ephraim Viste,3,Nurse Practicioner,Marketing Assistant,203111
194,Mercie Klaggeman,11,Environmental Tech,VP Marketing,202108
195,Rozelle Messenbird,11,Help Desk Technician,Assistant Professor,432131
196,Tilda Du Plantier,28,Senior Financial Analyst,Actuary,210265
197,Lorraine Rodder,19,Structural Analysis Engineer,Tax Accountant,24449
198,Denis Rayment,28,Office Assistant II,Budget/Accounting Analyst III,82363
199,Jamey Ducrow,8,Desktop Support Technician,Recruiter,471694
200,Sharron Vasilenko,10,Registered Nurse,Analog Circuit Design manager,475415
201,Carley Witton,27,Chief Design Engineer,Engineer I,430243
202,Florina Hanaby,3,Analyst Programmer,Financial Analyst,479185
203,Dall Thain,11,Business Systems Development Analyst,Senior Quality Engineer,45406
204,Bianca Spinige,23,Environmental Tech,Office Assistant IV,267620
205,Case Jewers,14,VP Sales,Staff Scientist,362573
206,Eleanora Dessant,15,Media Manager II,Computer Systems Analyst IV,240969
207,Rosita Giron,17,Programmer Analyst III,Human Resources Manager,56369
208,Marcelo Lukianovich,8,Speech Pathologist,Editor,59839
209,Royall Gaitone,2,Tax Accountant,Software Engineer IV,4609
210,Roland Caslane,11,Programmer Analyst II,Quality Control Specialist,477127
211,Aindrea MacLaig,11,Geologist I,Account Representative III,379712
212,Donella Elves,18,Sales Representative,Analyst Programmer,248787
213,Ritchie Annand,15,Payment Adjustment Coordinator,VP Product Management,473894
214,Hollie Redgewell,30,Executive Secretary,Tax Accountant,104697
215,Hale Biasioni,21,Administrative Assistant I,VP Quality Control,101362
216,Alyce Scarlon,22,Environmental Tech,Analyst Programmer,42778
217,Dante Sercombe,7,Analyst Programmer,Product Engineer,300987
218,Amitie Gamlen,27,Social Worker,Cost Accountant,46979
219,Lura Sumnall,14,Civil Engineer,Database Administrator I,74157
220,Floyd Davidof,30,Help Desk Technician,Financial Analyst,86637
221,Barbe Phair,29,Senior Financial Analyst,Engineer II,287806
222,Mel Kupis,12,Help Desk Operator,GIS Technical Architect,39671
223,Owen Teodoro,0,Web Designer III,Biostatistician IV,365053
224,Blisse Bentham,26,Recruiting Manager,Accounting Assistant I,345301
225,Garold Foli,15,Safety Technician II,Automation Specialist IV,75984
226,Sandye Husset,7,Research Assistant III,Executive Secretary,85346
227,Worthy Eberst,28,Electrical Engineer,Product Engineer,408130
228,Dell Rainbird,13,Structural Engineer,Assistant Professor,85305
229,Fremont Deetlefs,11,Recruiting Manager,Developer II,403899
230,Lyndel Placidi,14,Analyst Programmer,GIS Technical Architect,447563
231,Kylila Mead,27,Geologist II,Registered Nurse,231489
232,Violante Wilkins,14,VP Product Management,Editor,398671
233,Gates Dilon,29,Health Coach II,Administrative Assistant IV,278518
234,Arnie Eplate,21,Structural Analysis Engineer,Marketing Assistant,416107
235,Balduin Dahlman,18,Research Associate,Mechanical Systems Engineer,6213
236,Gisella Swalteridge,15,Nurse Practicioner,Environmental Specialist,296978
237,Trescha Essame,5,Administrative Assistant IV,Product Engineer,171542
238,Dilly Semon,20,Chief Design Engineer,Operator,431271
239,Sheela Gearing,7,Data Coordiator,Analog Circuit Design manager,94594
240,Brittaney Fulep,24,Research Assistant I,Health Coach II,443452
241,Ermina Kielt,28,Graphic Designer,Nurse Practicioner,370678
242,Gnni Staries,15,Chemical Engineer,Biostatistician I,485424
243,Tanner Clemmens,5,Civil Engineer,Web Designer II,186544
244,Tibold Vamplus,16,Teacher,Senior Developer,13145
245,Klara Gutowska,7,Product Engineer,Marketing Manager,75256
246,Debora Roden,11,Automation Specialist II,Budget/Accounting Analyst I,83146
247,Pollyanna Mapledorum,2,Dental Hygienist,Analog Circuit Design manager,132000
248,Granville Stenet,18,Senior Financial Analyst,Nurse Practicioner,187442
249,Gauthier Heyball,16,Research Associate,Engineer II,493273
250,Jessa Shelborne,4,Pharmacist,Assistant Manager,493177
251,Friedrick Waight,11,Senior Developer,Social Worker,346875
252,Lynna Goggin,17,Tax Accountant,Budget/Accounting Analyst IV,382326
253,Noelle Spaunton,1,Technical Writer,Human Resources Manager,485147
254,Thibaud Lindelof,26,Cost Accountant,Financial Advisor,186359
255,Nelia Halahan,18,Cost Accountant,Executive Secretary,155413
256,Bard Sigsworth,16,VP Accounting,Sales Representative,469465
257,Nichol Caville,25,Electrical Engineer,Account Coordinator,373243
258,Verile McLeman,10,Social Worker,Research Nurse,289948
259,Rex Trowill,25,Junior Executive,Statistician I,327563
260,Albertine Rucklesse,27,Operator,Staff Scientist,76416
261,Gunter Lacheze,8,Technical Writer,Sales Representative,172033
262,Bobine Archbutt,22,Senior Developer,Nuclear Power Engineer,26581
263,Jasper Fenkel,18,Business Systems Development Analyst,Senior Financial Analyst,303267
264,Mallory Bonehill,9,Software Consultant,Structural Engineer,25964
265,Lynette Pettisall,24,VP Sales,Nurse,187835
266,Bee Huff,19,Financial Analyst,Chief Design Engineer,41634
267,Barris Stannett,9,Information Systems Manager,Executive Secretary,461957
268,Tome Steely,7,Executive Secretary,General Manager,128023
269,Lavinia Josskovitz,21,Quality Engineer,Geologist II,159487
270,Chaddy Tremlett,9,Staff Accountant IV,Developer IV,254030
271,Ulberto Lemmer,29,Executive Secretary,Project Manager,381336
272,Frederic Brimmell,4,Clinical Specialist,Operator,252967
273,Barton Rowes,13,Quality Control Specialist,Financial Advisor,373081
274,Rhett Graser,16,Executive Secretary,Account Executive,379074
275,Amargo Pierson,16,Design Engineer,Recruiting Manager,238345
276,Tootsie Earry,12,Web Developer I,Librarian,45325
277,Cole Pilger,21,VP Accounting,Tax Accountant,17389
278,Pauly Brenston,12,Programmer I,Director of Sales,303984
279,Vilma Ferreres,8,Senior Cost Accountant,Quality Engineer,441572
280,Lance Eldritt,4,Research Assistant IV,Analog Circuit Design manager,436839
281,Kristien Jeandet,23,Civil Engineer,Librarian,169001
282,Leonidas Cough,7,Quality Control Specialist,Systems Administrator II,244071
283,Francklin Wais,7,Desktop Support Technician,Paralegal,492172
284,Hakim Oscroft,16,VP Sales,Help Desk Technician,177132
285,Kathie Syseland,9,Research Associate,VP Marketing,469308
286,Rodge Shasnan,6,Sales Associate,Senior Editor,38145
287,Mirelle Flucks,27,Chief Design Engineer,Financial Advisor,260930
288,Lodovico Redihalgh,11,Financial Advisor,Help Desk Technician,172405
289,Pauly Eliaz,24,Software Consultant,Data Coordiator,144721
290,Alley Insley,0,Software Engineer II,Compensation Analyst,228886
291,Hannah Enochsson,13,Chief Design Engineer,Dental Hygienist,336631
292,Celinka Treweek,11,Internal Auditor,Administrative Officer,471127
293,Nester Le Grand,25,Software Engineer I,Programmer III,275875
294,Forrester Houlworth,0,Accountant III,VP Accounting,276400
295,Betsey De Mattei,13,Librarian,Actuary,299637
296,Palmer Allsepp,4,Paralegal,Help Desk Operator,113066
297,Martyn Osboldstone,20,Senior Developer,Accounting Assistant IV,288284
298,Antonie Perle,21,VP Marketing,Electrical Engineer,127946
299,Branden Obin,21,VP Quality Control,Marketing Manager,166116
300,Janean Conti,6,Human Resources Assistant II,Associate Professor,113118
301,Poul Saunderson,28,Media Manager II,Marketing Manager,252220
302,Ursola Jackman,7,General Manager,Account Coordinator,349662
303,Shellie Earngy,8,Paralegal,Junior Executive,493930
304,Guenevere Pettet,1,Computer Systems Analyst II,Civil Engineer,267934
305,Bree Halliday,30,Civil Engineer,VP Product Management,472251
306,Terri Delgaty,16,Compensation Analyst,Staff Accountant I,483446
307,Duky Baldry,3,Information Systems Manager,Financial Analyst,302608
308,Chloris Drivers,12,Accountant IV,Technical Writer,139148
309,Robby Veschambre,7,Information Systems Manager,Chief Design Engineer,453579
310,Sella Moraleda,20,Information Systems Manager,General Manager,312035
311,Danit Revely,4,Human Resources Assistant I,Software Test Engineer II,212327
312,Eveline MacGilmartin,19,Business Systems Development Analyst,Operator,194270
313,Babara Conley,22,VP Marketing,Cost Accountant,199904
314,Inger O' Mullan,4,VP Quality Control,Assistant Manager,231739
315,Earlie Seman,5,Product Engineer,Research Associate,140111
316,Jeno Langlais,9,Budget/Accounting Analyst I,Teacher,460130
317,Dieter Cayser,19,Recruiter,Information Systems Manager,344196
318,Garv Buttriss,20,Paralegal,Assistant Manager,252494
319,Tammara Center,21,Senior Developer,VP Accounting,306764
320,Trueman Bohan,21,Civil Engineer,Nuclear Power Engineer,152795
321,Abramo Tuckerman,15,VP Quality Control,Associate Professor,340180
322,Hadley Minghetti,6,Administrative Officer,Help Desk Operator,94958
323,Davin Spight,16,Tax Accountant,Chief Design Engineer,498057
324,Viva Fallens,15,Occupational Therapist,Assistant Professor,209365
325,Mercie Dimbleby,2,Senior Quality Engineer,Office Assistant I,127919
326,Wilhelm Elfe,3,Help Desk Technician,Human Resources Manager,383737
327,Cece Mallon,17,Help Desk Technician,Help Desk Technician,467237
328,Arlina Melloi,14,Clinical Specialist,Data Coordiator,125668
329,Ros Barti,15,Quality Engineer,Data Coordiator,698
330,George Babidge,13,Web Designer IV,Structural Engineer,71507
331,Kathi Escot,1,Account Representative IV,Environmental Specialist,413195
332,Isidora Bennet,9,Technical Writer,Assistant Media Planner,461451
333,Starlin Skeeles,26,Account Executive,Software Test Engineer I,347266
334,Dill Gislebert,26,Associate Professor,Senior Cost Accountant,194390
335,Marena Paik,20,Clinical Specialist,Geologist IV,392983
336,Tanitansy Jahan,14,Assistant Professor,Payment Adjustment Coordinator,369288
337,Shea Edlin,9,Analog Circuit Design manager,VP Accounting,270749
338,Dierdre Neylan,8,Clinical Specialist,Budget/Accounting Analyst III,347674
339,Lonee Itzkin,25,Graphic Designer,Recruiter,397658
340,Manda Escofier,2,Project Manager,Chemical Engineer,419286
341,Brandy Roskell,1,Analog Circuit Design manager,Biostatistician I,140620
342,Meade Filipczak,29,Help Desk Operator,Professor,240080
343,Marice Lavies,27,Budget/Accounting Analyst II,Automation Specialist IV,162104
344,Frederico Bullant,18,Senior Sales Associate,Environmental Tech,331884
345,Kenny Ozintsev,18,VP Marketing,Developer I,59351
346,Kathi Blazevic,17,Web Designer IV,Data Coordiator,491217
347,Ruthy Meneyer,15,Statistician III,Tax Accountant,448858
348,Britt Ravenhill,24,Sales Representative,Desktop Support Technician,395077
349,Fredericka Petracci,24,Data Coordiator,Internal Auditor,142726
350,Arie Dubs,5,Sales Associate,Financial Advisor,107586
351,Mandie Aymer,20,Payment Adjustment Coordinator,Recruiting Manager,11859
352,Ranee Dye,12,Media Manager IV,Graphic Designer,322323
353,Neron Mewes,9,Teacher,Computer Systems Analyst III,236992
354,Arnie Ewbanks,6,Analog Circuit Design manager,Environmental Tech,303679
355,Mill Perceval,10,Chemical Engineer,Nurse Practicioner,129238
356,Gillian Pulster,8,Analyst Programmer,Cost Accountant,322676
357,Elias Kenyon,16,Information Systems Manager,Assistant Professor,268543
358,Dewie McGiffin,30,VP Accounting,Sales Associate,283266
359,Claresta Novill,26,Operator,Occupational Therapist,225302
360,Bearnard MacArte,23,Analog Circuit Design manager,Chief Design Engineer,188199
361,Rae Gammell,4,Senior Editor,Social Worker,190039
362,Jacinta Pinard,12,Geologist IV,Information Systems Manager,76028
363,Ronalda Yong,20,Mechanical Systems Engineer,Sales Representative,377778
364,Fancy Othick,4,Senior Developer,Desktop Support Technician,136120
365,Auguste Kosel,28,Analog Circuit Design manager,Mechanical Systems Engineer,96786
366,Hy Pickerell,19,Product Engineer,Programmer I,110173
367,Arte Bankes,11,Accounting Assistant I,Information Systems Manager,39472
368,Gabbi Baggaley,4,Engineer II,Clinical Specialist,417908
369,Vania Liepmann,29,Senior Cost Accountant,Sales Representative,438275
370,Elbertina Baroux,12,Civil Engineer,Financial Analyst,227136
371,Gar Barstow,14,Recruiting Manager,Computer Systems Analyst IV,160560
372,Karlotta Kores,13,Assistant Professor,Accountant I,52983
373,Rafaela Baton,26,Assistant Manager,Geologist II,405557
374,Ashla Sambell,3,Research Nurse,Speech Pathologist,297770
375,Devonne Perllman,13,Systems Administrator I,Food Chemist,473471
376,Otho McGeagh,12,Associate Professor,Mechanical Systems Engineer,480824
377,Rachael Ohm,7,Quality Engineer,Computer Systems Analyst II,313436
378,Kelsy Gration,9,Financial Analyst,Software Test Engineer I,155466
379,Nicholle Kirby,23,Compensation Analyst,Project Manager,63628
380,Silvia Neljes,16,Developer IV,Mechanical Systems Engineer,46720
381,Dominique Edlyne,7,Media Manager III,Office Assistant IV,170216
382,Guillaume Hucker,9,Compensation Analyst,VP Quality Control,243578
383,Corine Shellard,26,Automation Specialist IV,Physical Therapy Assistant,87681
384,Angel Everall,1,Recruiter,Health Coach II,27920
385,Denver Stanaway,11,General Manager,Help Desk Technician,108901
386,Leshia McCurtain,27,Junior Executive,Automation Specialist III,398365
387,Flori Sagar,10,Paralegal,Geological Engineer,303109
388,Rollins Volante,20,Junior Executive,Graphic Designer,158634
389,Wilfrid Ruddlesden,27,Administrative Officer,Recruiting Manager,200767
390,Roobbie Sackler,3,Staff Scientist,Developer III,427928
391,Amalee Bonehill,22,Community Outreach Specialist,Civil Engineer,51504
392,Katinka Greenhill,21,Data Coordiator,Editor,77904
393,Lizzie Hazley,24,Research Associate,Research Nurse,59042
394,Ashley Ragate,17,Automation Specialist I,Professor,489820
395,Jonie Robinett,23,Operator,Desktop Support Technician,435656
396,Pat Bourdis,11,Structural Analysis Engineer,Technical Writer,480959
397,Janetta Basezzi,0,Design Engineer,Associate Professor,146418
398,Fidel Sulter,9,Help Desk Operator,Sales Associate,492426
399,Gustaf Tarbath,8,Sales Representative,Design Engineer,472177
400,Padgett Dalgarnowch,29,Business Systems Development Analyst,Research Nurse,254550
401,Guenna Mance,30,Librarian,Assistant Media Planner,336437
402,Garnette Brangan,24,Teacher,Nuclear Power Engineer,160133
403,Aretha Castelin,7,Quality Engineer,Safety Technician I,442363
404,Lonny Tieman,1,VP Marketing,Recruiting Manager,217661
405,Ardyce Sprules,3,General Manager,Registered Nurse,479066
406,Yettie Butterfield,21,Administrative Officer,Automation Specialist III,194047
407,Babette Yeabsley,30,Office Assistant III,Financial Analyst,16458
408,Briny Denisovo,28,Analyst Programmer,Payment Adjustment Coordinator,205282
409,Rockwell Hinchcliffe,22,Assistant Professor,Geological Engineer,60842
410,Eve Allridge,16,Senior Developer,Registered Nurse,152757
411,Adriana Varga,22,Actuary,Senior Cost Accountant,100830
412,Margaretta Stiles,24,VP Quality Control,Community Outreach Specialist,116050
413,August Janodet,29,Programmer Analyst IV,Environmental Tech,472611
414,Alexandr Obell,20,Health Coach III,Account Representative II,96880
415,Kerby Callf,21,Quality Control Specialist,Web Designer IV,494051
416,Cinda Jays,18,Payment Adjustment Coordinator,Civil Engineer,60727
417,Annalee Routley,12,Social Worker,Operator,312771
418,Galven Rosenfrucht,0,Geological Engineer,Recruiting Manager,230096
419,Louella Backler,8,Tax Accountant,Librarian,178941
420,Sadella Parradye,3,Programmer IV,Recruiter,144969
421,Amelia Jamary,11,Account Representative III,Structural Analysis Engineer,255432
422,Madelon Benois,0,VP Marketing,Senior Sales Associate,443081
423,Brewster Goligly,3,Payment Adjustment Coordinator,Senior Editor,497213
424,Caitrin Trattles,28,Senior Cost Accountant,Paralegal,287474
425,Harwilll MacDonald,24,Community Outreach Specialist,Senior Cost Accountant,128893
426,Zondra Detheridge,4,Statistician I,Graphic Designer,256346
427,Morissa Middleweek,10,Assistant Manager,VP Accounting,252582
428,Merell Sherrell,19,VP Sales,Community Outreach Specialist,399002
429,Susie Goldby,12,Professor,Civil Engineer,281823
430,Pauly Malthouse,4,VP Marketing,Clinical Specialist,245251
431,Ottilie Anniwell,18,Software Engineer I,Product Engineer,425467
432,Broddie Spence,15,Junior Executive,Speech Pathologist,114858
433,Marsh Rhodes,22,Registered Nurse,Civil Engineer,127323
434,Darsie Batecok,1,Associate Professor,VP Quality Control,12898
435,Kyle Brownsell,5,Software Consultant,Assistant Manager,412352
436,Kingston Sulman,7,Software Consultant,Budget/Accounting Analyst I,145377
437,Silvana Smeeton,28,Food Chemist,Human Resources Manager,369229
438,Vinnie Lygoe,1,Data Coordiator,Graphic Designer,135663
439,Thatch Wettern,7,Health Coach IV,Software Consultant,134699
440,Cart Randall,14,Account Executive,Web Developer IV,457933
441,Falkner O'Rowane,13,Financial Analyst,Payment Adjustment Coordinator,378071
442,Aeriela Portail,20,Assistant Media Planner,Account Coordinator,303135
443,Ann Turrill,3,Account Executive,Food Chemist,377499
444,Marty Toyne,19,VP Quality Control,Mechanical Systems Engineer,416126
445,Oliy Eirwin,17,Dental Hygienist,Financial Advisor,285937
446,Neils Whybray,17,Pharmacist,Occupational Therapist,258130
447,Parnell Rolston,24,Account Coordinator,Account Representative II,93769
448,Brandie Gallaher,25,Account Coordinator,Nurse,436454
449,Wang Klampk,9,Teacher,Cost Accountant,43900
450,Berrie Abdee,1,Software Engineer IV,Systems Administrator II,360138
451,Desiree Millions,7,Cost Accountant,Information Systems Manager,52529
452,Eldin Berkelay,29,Statistician I,Social Worker,287438
453,Hubey Speke,17,Office Assistant II,Research Nurse,477083
454,Thacher Harryman,1,Systems Administrator II,Editor,291246
455,Gui Batrim,18,Executive Secretary,Recruiter,432890
456,Gerry Fenty,2,Project Manager,Executive Secretary,48072
457,Reeva Kemp,22,Software Consultant,Registered Nurse,60503
458,Budd Merrin,7,Actuary,GIS Technical Architect,59429
459,Wolfgang Bonhomme,29,Sales Representative,Pharmacist,305710
460,Thomasina Bromehed,23,VP Marketing,Biostatistician II,154675
461,Simone Walenta,16,Geological Engineer,Internal Auditor,169068
462,Gerome Rubinek,8,Financial Advisor,Food Chemist,47286
463,Sada Caff,13,Speech Pathologist,Quality Engineer,110614
464,Meryl Wooffinden,29,Human Resources Assistant IV,Data Coordiator,108703
465,Zondra Overnell,9,Paralegal,Geological Engineer,405369
466,Kaia Morshead,24,Marketing Assistant,Data Coordiator,271658
467,Consolata Farryann,21,Quality Control Specialist,Health Coach III,284227
468,Rozina Gadaud,16,Pharmacist,Editor,404442
469,Lenora Mosedill,17,Statistician III,Civil Engineer,361147
470,Garret Saunier,7,Occupational Therapist,Nurse,347753
471,Guenna Creswell,21,Speech Pathologist,GIS Technical Architect,372092
472,Emmey Jime,1,Librarian,Database Administrator IV,88267
473,Kiah Fitter,20,Help Desk Operator,Media Manager II,170289
474,Sheffie Wyre,10,Structural Engineer,Civil Engineer,32875
475,Shawnee Couch,24,Biostatistician III,Compensation Analyst,256983
476,Kermy Fincham,2,Information Systems Manager,Nuclear Power Engineer,161643
477,Thatcher Martschke,14,Nurse,Environmental Tech,188276
478,Devan Roelofs,5,Research Assistant II,Software Test Engineer I,63671
479,Kinny Keynes,21,Recruiter,Web Designer II,329539
480,Nettle Roscrigg,22,Junior Executive,Quality Engineer,444525
481,Bradan De la croix,6,Human Resources Manager,Account Coordinator,13457
482,Queenie Brimmell,18,Statistician III,Help Desk Operator,496284
483,Giovanni Penn,3,Budget/Accounting Analyst III,Information Systems Manager,118254
484,Penny Sinson,19,Nurse,Administrative Assistant IV,203533
485,Agace Dannatt,25,VP Accounting,Design Engineer,340968
486,Inger Jeaves,22,Automation Specialist II,Librarian,228855
487,Scarface Lennie,9,Director of Sales,Sales Representative,432212
488,Timi Bromet,24,Marketing Manager,Senior Sales Associate,77751
489,Ray Dawks,9,Structural Analysis Engineer,Project Manager,135967
490,Crichton Swindin,6,Executive Secretary,Actuary,23857
491,Sarette Brood,1,Food Chemist,Nurse,414982
492,Isak Siggee,12,Engineer II,Research Assistant II,103591
493,Gwynne Larking,7,Compensation Analyst,Junior Executive,271815
494,Morgana Meron,6,Senior Cost Accountant,Geological Engineer,374512
495,Donavon Gater,10,Registered Nurse,Nurse,79581
496,Adelle Bariball,4,Senior Sales Associate,Software Test Engineer III,387311
497,Blinnie Barme,9,Senior Financial Analyst,Physical Therapy Assistant,1579
498,Abagail Roe,2,Software Engineer IV,Engineer III,388214
499,Fran Comazzo,24,Programmer Analyst I,Community Outreach Specialist,424192
500,Waverley Venning,20,Social Worker,VP Sales,380570
501,Joshuah Gouny,16,Professor,Operator,269828
502,Ellswerth Pesek,4,Civil Engineer,Marketing Manager,162535
503,Darby Rutledge,29,Office Assistant III,Budget/Accounting Analyst I,196383
504,Karla Pilling,9,Editor,Librarian,288358
505,Pate Worms,22,Systems Administrator II,Senior Sales Associate,179968
506,Idelle Joslow,5,Web Designer I,Teacher,323320
507,Vikky Elwin,28,Database Administrator III,Dental Hygienist,108854
508,Morse Ackhurst,5,Registered Nurse,Account Representative IV,499885
509,Marion Evert,2,Account Executive,Assistant Manager,346807
510,Cthrine Angelo,5,Physical Therapy Assistant,Help Desk Operator,80004
511,Karla Barnard,28,Staff Scientist,Mechanical Systems Engineer,211589
512,Genni Crady,1,Human Resources Manager,Software Engineer II,322625
513,Claudian Creeber,17,Accountant I,Payment Adjustment Coordinator,238521
514,Binnie Steen,18,VP Quality Control,Food Chemist,158310
515,Katti Riditch,20,Occupational Therapist,Senior Sales Associate,158740
516,Randi Andreaccio,29,Help Desk Operator,Automation Specialist I,274486
517,Dulcine Bewshire,9,Occupational Therapist,Structural Analysis Engineer,153330
518,Nolan Jewks,19,Professor,Financial Analyst,205716
519,Devlin Bracchi,20,Assistant Media Planner,Automation Specialist I,414983
520,Byron Vidgen,2,VP Quality Control,Staff Accountant II,145373
521,Trisha Brookz,22,Database Administrator II,Assistant Media Planner,321592
522,Kathye Close,11,Structural Engineer,Nurse Practicioner,212029
523,Selby Brixey,6,Human Resources Assistant III,Staff Scientist,269626
524,Carleen Trunchion,24,Data Coordiator,Legal Assistant,242765
525,Lavina Vannar,15,Tax Accountant,Media Manager I,48044
526,Nessie Bradden,8,Structural Engineer,Registered Nurse,446319
527,Silva Norrington,22,Web Developer III,Social Worker,412540
528,Myrtice McCart,0,Senior Quality Engineer,Paralegal,326581
529,Ogden Mannin,10,Design Engineer,VP Accounting,246181
530,Morley Shapland,17,Professor,Sales Representative,4337
531,Nissa Feldmus,28,Product Engineer,Accountant I,31270
532,Lorry Matyatin,9,Media Manager II,Assistant Professor,193612
533,Jacquelyn Doerr,16,Graphic Designer,Project Manager,214934
534,Stafani Sparham,12,Graphic Designer,Occupational Therapist,29268
535,Annaliese Whittick,1,Graphic Designer,Environmental Tech,315686
536,Dwain Strover,14,Chief Design Engineer,Occupational Therapist,16395
537,Jameson Youdell,15,Environmental Tech,Physical Therapy Assistant,27850
538,Wes Romei,26,Social Worker,Systems Administrator I,200569
539,Kessia Claeskens,18,Chemical Engineer,Graphic Designer,415768
540,Jaime Holah,9,Director of Sales,Automation Specialist I,483879
541,Meridel Brotherick,6,Developer IV,VP Sales,85431
542,Dur Puleque,23,VP Accounting,Marketing Manager,39012
543,Deanna Broadberry,29,Geologist III,Biostatistician I,228247
544,Novelia Bickerstaffe,21,Staff Accountant IV,Safety Technician III,229053
545,Calvin O'Connel,8,Financial Analyst,Editor,135973
546,Tedi Saint,21,Quality Control Specialist,Research Assistant I,216142
547,Terrell Gino,12,Physical Therapy Assistant,Senior Quality Engineer,410307
548,Hilton Humpage,26,Research Nurse,Librarian,56717
549,Kary Snowding,5,Senior Quality Engineer,Compensation Analyst,184147
550,Jammie Davidowich,26,Web Developer II,Senior Quality Engineer,461950
551,Thorny Sarfas,25,Food Chemist,Junior Executive,344554
552,Katheryn Moreby,0,Financial Analyst,Information Systems Manager,109147
553,Shea Calafato,14,Staff Scientist,Pharmacist,468462
554,Granthem Philps,20,General Manager,VP Accounting,434765
555,Lelia Cicetti,13,Associate Professor,Tax Accountant,375671
556,Carling Ipwell,0,Environmental Tech,Food Chemist,103248
557,Sibley Greenhaugh,26,Operator,Administrative Officer,318575
558,Konstanze Searson,14,Food Chemist,Administrative Assistant II,119496
559,Ilsa Glavin,0,Recruiting Manager,Financial Analyst,82794
560,Theresina Alldred,2,Teacher,Structural Analysis Engineer,137772
561,Stormy Otton,19,Help Desk Technician,Recruiting Manager,457070
562,Travus Moreby,3,VP Marketing,VP Marketing,285977
563,Rees Malpass,24,Senior Developer,Nurse Practicioner,254383
564,Rosie Snoding,4,Sales Representative,Mechanical Systems Engineer,183752
565,Prisca Moss,20,Research Nurse,Quality Engineer,334364
566,Tabbatha Swadden,26,Environmental Tech,Project Manager,392699
567,Hendrik Lucian,5,Media Manager III,Database Administrator I,475495
568,Finlay Ortet,3,Automation Specialist IV,Mechanical Systems Engineer,443273
569,Hortense Troni,18,Quality Engineer,Tax Accountant,299951
570,Olympe Louw,10,Environmental Specialist,Junior Executive,343972
571,Errol Kener,23,Accountant I,Office Assistant IV,363395
572,Olympie Siderfin,8,Structural Analysis Engineer,Editor,344468
573,Debby Renac,15,Computer Systems Analyst IV,Administrative Officer,339187
574,Lulu Tincey,20,Automation Specialist I,Design Engineer,72673
575,Ellwood Mandry,18,GIS Technical Architect,VP Quality Control,467942
576,Doreen Douberday,30,Cost Accountant,Mechanical Systems Engineer,456887
577,Leda Loosemore,23,Senior Cost Accountant,Physical Therapy Assistant,152654
578,Kirsteni Yurevich,10,Nurse Practicioner,Systems Administrator III,407869
579,Idelle Stapleton,20,Marketing Manager,Staff Accountant IV,214121
580,Danyette Eggers,28,Account Executive,Graphic Designer,176102
581,Margalit Ruddlesden,29,Compensation Analyst,Help Desk Technician,103456
582,Everard Iston,30,Marketing Assistant,Web Developer III,179939
583,Aguie Grundle,7,Help Desk Operator,Human Resources Assistant I,424166
584,Arline Ratnege,20,Clinical Specialist,Clinical Specialist,29072
585,Maurie Babalola,11,Compensation Analyst,Desktop Support Technician,330633
586,Jeannine Flooks,14,Biostatistician I,Graphic Designer,165507
587,Agneta Pinwill,0,Pharmacist,Environmental Specialist,8777
588,Adolphus Brock,27,Senior Cost Accountant,Mechanical Systems Engineer,71842
589,Charlotta Newman,17,Programmer I,Internal Auditor,416209
590,Bette Golden,22,Nuclear Power Engineer,Civil Engineer,14203
591,Berti Goodday,1,Marketing Assistant,Assistant Media Planner,364128
592,Verene Stowe,17,Product Engineer,Sales Representative,211429
593,Mohandis Gilfillan,17,Senior Editor,Data Coordiator,259493
594,Kasper Corps,25,Occupational Therapist,Programmer Analyst I,377777
595,Dawn Brinklow,19,Speech Pathologist,Computer Systems Analyst I,82852
596,Josy Tinson,28,Systems Administrator IV,Account Coordinator,233085
597,Zachery Millmoe,2,Computer Systems Analyst IV,Research Assistant I,166256
598,Gill Macon,20,Administrative Officer,Dental Hygienist,497039
599,Corrine Varga,3,Technical Writer,Research Assistant II,313102
600,Kaine Messier,10,Office Assistant III,Physical Therapy Assistant,127568
601,Angele Fatkin,2,Senior Developer,Quality Control Specialist,197695
602,Wallie Whitney,26,Programmer Analyst IV,Help Desk Operator,191201
603,Alene Albarez,2,Data Coordiator,Technical Writer,32007
604,Tabbie Sleep,4,Cost Accountant,Registered Nurse,478180
605,Hastie Haire,10,Human Resources Manager,Assistant Media Planner,197435
606,Giovanna Mollon,15,Product Engineer,Automation Specialist III,189320
607,Carly Fishenden,0,Structural Analysis Engineer,Internal Auditor,342937
608,Maris Eastcott,7,Editor,Account Executive,329605
609,Sybilla Clamp,22,Senior Sales Associate,Marketing Manager,4805
610,Lambert Mayer,20,Programmer I,Automation Specialist II,381271
611,Erma Whitcher,14,Community Outreach Specialist,Biostatistician III,415766
612,Creighton Nancekivell,10,Structural Analysis Engineer,Systems Administrator II,33080
613,Web Rathke,4,Account Executive,VP Product Management,133523
614,Joell Dey,9,Engineer II,Programmer IV,294314
615,Catrina Lindholm,2,Pharmacist,Accounting Assistant I,311543
616,Sharai Denkel,5,Financial Analyst,Recruiting Manager,434236
617,Karly Froom,12,Biostatistician I,Accounting Assistant IV,468514
618,Evyn Basham,25,Automation Specialist II,Director of Sales,211384
619,Haze Avrahamov,23,Data Coordiator,Account Representative II,427388
620,Chrissy Claffey,26,Recruiter,Web Designer I,336310
621,Hayley Swindell,29,Geological Engineer,Senior Editor,491775
622,Vite Ferronet,6,Technical Writer,Compensation Analyst,2103
623,Augusta McCullough,0,Computer Systems Analyst II,Marketing Assistant,101020
624,Evaleen Riatt,19,Graphic Designer,Account Representative IV,152188
625,Gerry Fylan,1,Software Engineer III,Engineer II,171229
626,Marne Norbury,25,Chief Design Engineer,Community Outreach Specialist,383577
627,Lynelle Iacofo,20,VP Marketing,Social Worker,475789
628,Alvira Monkhouse,24,Senior Financial Analyst,Executive Secretary,205560
629,Anette Messier,0,Administrative Assistant II,Associate Professor,267100
630,Orlando Gallety,13,Developer IV,Environmental Tech,467246
631,Ivory Balderston,11,Nuclear Power Engineer,Assistant Media Planner,389584
632,Gina Kreber,24,Safety Technician III,Senior Cost Accountant,194101
633,Beaufort McCord,9,VP Product Management,Chief Design Engineer,432877
634,Ariana Stringer,22,Paralegal,Desktop Support Technician,455289
635,Ginnifer Mazillius,8,Chemical Engineer,Chemical Engineer,307564
636,Fax Barcroft,23,Product Engineer,Office Assistant III,199270
637,Yelena Erbe,1,Human Resources Manager,Executive Secretary,103039
638,Baird McCard,13,Help Desk Operator,Analog Circuit Design manager,134284
639,Arny Dewdney,27,Help Desk Operator,Chemical Engineer,429468
640,Pammie Howsego,2,Human Resources Manager,Research Nurse,284547
641,Fletcher Oxterby,28,Research Nurse,Statistician IV,270696
642,Deeann Borrett,11,Analog Circuit Design manager,Administrative Officer,76369
643,Willem Griffoen,5,Programmer Analyst III,Structural Engineer,474712
644,Cornie Jedrzejewicz,29,Environmental Specialist,Accountant IV,274152
645,Shadow Scotchforth,12,Assistant Professor,Analog Circuit Design manager,482434
646,Fiona Tombleson,8,Executive Secretary,VP Sales,117598
647,Carey Grendon,15,Marketing Manager,Senior Editor,223344
648,Emmet Bruhnicke,14,Editor,Financial Analyst,77677
649,Taite Jereatt,5,Statistician IV,Food Chemist,402897
650,Innis Sprigging,4,Recruiting Manager,Programmer II,297503
651,Heath Gaiger,6,Safety Technician III,Graphic Designer,456840
652,Mirabel Markwick,5,Nurse Practicioner,Senior Sales Associate,330641
653,Amy Bath,28,Staff Accountant I,Business Systems Development Analyst,387671
654,Orran Gero,9,Payment Adjustment Coordinator,Staff Scientist,369297
655,Consuela Greguol,1,Computer Systems Analyst IV,VP Marketing,409342
656,Lennie Sollom,16,Staff Scientist,Senior Quality Engineer,264514
657,Cornelius Worboys,6,Professor,General Manager,421599
658,Sherwynd Berford,20,Chief Design Engineer,Help Desk Technician,6488
659,Harland Chugg,17,Product Engineer,VP Product Management,315068
660,Harbert Stegel,10,Nurse,Recruiter,6674
661,Reagen Jollie,23,Health Coach I,Budget/Accounting Analyst I,411796
662,Kerry Hirtzmann,3,Community Outreach Specialist,Staff Accountant IV,132514
663,Ivette Durban,16,Speech Pathologist,Software Consultant,266321
664,Stavros Hargreave,19,Professor,Marketing Assistant,150538
665,Rafael Pococke,13,Senior Financial Analyst,Software Test Engineer II,400645
666,Milli Giannassi,15,Recruiting Manager,Administrative Assistant IV,170265
667,Sandi Sharram,9,Civil Engineer,Analog Circuit Design manager,373268
668,Parry Cleynaert,18,Quality Control Specialist,Safety Technician II,296698
669,Berty Lillicrop,30,Software Engineer II,Media Manager I,13187
670,Mireielle Johanssen,2,Sales Associate,Nurse Practicioner,272982
671,Fina Randal,21,Research Associate,Registered Nurse,13505
672,Genovera Ronchi,14,Web Developer II,Analog Circuit Design manager,283634
673,Kora Wheelwright,8,Media Manager III,VP Sales,457464
674,Glynn Sundin,18,Senior Cost Accountant,Office Assistant IV,348308
675,Maritsa Dallas,30,Tax Accountant,Programmer III,461173
676,Hermione Dutton,14,Analog Circuit Design manager,Technical Writer,144075
677,Hamid Leebetter,7,Senior Quality Engineer,Geological Engineer,28148
678,Rosalinde Scutter,14,Accounting Assistant III,Senior Quality Engineer,186371
679,Jemimah Manuello,9,Database Administrator II,Programmer IV,372131
680,Amby Darbey,1,Programmer Analyst II,Business Systems Development Analyst,159036
681,Enrico Musso,16,Business Systems Development Analyst,Human Resources Assistant IV,30661
682,Kiel Deny,23,Quality Control Specialist,Systems Administrator III,434755
683,Ladonna Tupman,9,VP Product Management,Assistant Manager,266023
684,Chandler Labbett,21,GIS Technical Architect,Legal Assistant,391904
685,Juana Osler,30,General Manager,Senior Developer,418469
686,Mischa Boulter,30,Dental Hygienist,Legal Assistant,128416
687,Mayor Russel,23,Paralegal,Software Test Engineer III,199391
688,Kial Pennell,1,Safety Technician II,Programmer II,114933
689,Bonnie Bevar,9,Executive Secretary,Structural Engineer,492899
690,Ardys MacGhee,11,Recruiting Manager,Product Engineer,197041
691,Shelli Bolduc,23,Structural Analysis Engineer,Food Chemist,488287
692,Mira Howett,25,Accountant IV,Assistant Media Planner,443443
693,Car Lockyear,17,Structural Engineer,Business Systems Development Analyst,216877
694,Morton Munn,21,Human Resources Manager,Structural Analysis Engineer,128899
695,Hy Franek,19,Financial Analyst,Office Assistant III,149407
696,Marcelline McClure,8,Editor,Business Systems Development Analyst,301557
697,Wolfie Alen,21,Recruiting Manager,Computer Systems Analyst I,78557
698,Rhona Spata,4,Nurse,Payment Adjustment Coordinator,154538
699,Willy Matiashvili,16,Financial Analyst,Automation Specialist I,70736
700,Norbie Loadman,1,Nuclear Power Engineer,Sales Associate,334952
701,Gaynor Burrill,17,Payment Adjustment Coordinator,Actuary,200955
702,Georgia Yele,14,VP Accounting,Design Engineer,433723
703,Halimeda Vido,23,General Manager,Environmental Specialist,96719
704,Onfroi Cisar,19,Developer I,Office Assistant III,151855
705,Natal Towse,19,Social Worker,Biostatistician IV,372961
706,Lizabeth Hazle,27,Compensation Analyst,Chemical Engineer,328518
707,Rubi Hutcheson,12,Legal Assistant,Computer Systems Analyst IV,250272
708,Cynthy Pasmore,27,Speech Pathologist,Food Chemist,422011
709,Edita Casini,30,Structural Engineer,VP Marketing,59185
710,Marylou Sclater,26,Recruiting Manager,Community Outreach Specialist,334137
711,Vidovik Lamprey,19,Design Engineer,Operator,352426
712,Wally Pawlowicz,24,Payment Adjustment Coordinator,Geological Engineer,277928
713,Daren Dutnell,10,Editor,Media Manager II,489229
714,Merna Dalglish,7,Database Administrator II,Financial Advisor,115091
715,Vincent Iacoviello,9,Media Manager I,Programmer III,468557
716,Petronille Stannering,0,Information Systems Manager,Tax Accountant,63608
717,Dallis Stolberger,23,Analyst Programmer,Human Resources Manager,210320
718,Anthony Rowcastle,1,Web Designer IV,Human Resources Manager,140617
719,Polly Duckering,22,Assistant Media Planner,Nuclear Power Engineer,131483
720,Peria Heberden,19,Food Chemist,Executive Secretary,465476
721,Allison Vlasov,7,Electrical Engineer,Chemical Engineer,205138
722,Elfrieda Gaskin,5,VP Accounting,Programmer I,305505
723,Jayme Janzen,9,Staff Scientist,Director of Sales,192094
724,Rhett Angeli,25,Database Administrator II,Executive Secretary,156221
725,Raf Folbig,0,Registered Nurse,Assistant Media Planner,287551
726,Cathie Hundal,30,Business Systems Development Analyst,Research Associate,350318
727,Elysee Frantzeni,18,Speech Pathologist,Web Developer I,133924
728,Di Gryglewski,1,Nurse,Payment Adjustment Coordinator,370403
729,Violette Elecum,15,Paralegal,Graphic Designer,460898
730,Mufi Deverock,29,Recruiter,Legal Assistant,365136
731,Rowe Barrows,23,Nurse Practicioner,Programmer III,281795
732,Sella Durie,0,Professor,Senior Developer,309125
733,Farra Drinkall,1,Chemical Engineer,Assistant Manager,493427
734,Ileane Willimont,24,Software Engineer II,Director of Sales,294022
735,Casey Vivyan,10,Programmer II,Information Systems Manager,455293
736,Erv Plampin,18,Geological Engineer,Mechanical Systems Engineer,160211
737,Francois Labba,1,Editor,Physical Therapy Assistant,486427
738,Val Takis,30,Geologist IV,VP Sales,169955
739,Allis Tarquini,7,Food Chemist,Account Representative III,252178
740,Luz Hymer,27,Quality Control Specialist,Geologist III,428798
741,Trix Burnes,16,Design Engineer,Structural Engineer,401973
742,Charo Lavington,14,Internal Auditor,VP Product Management,277313
743,Loy Munkley,12,Statistician II,Operator,140501
744,Bryce Idell,24,Software Test Engineer I,Clinical Specialist,129904
745,Kamila Balaizot,26,Paralegal,Environmental Tech,55895
746,August Berney,25,Social Worker,Assistant Manager,454588
747,Gabbie Clubb,7,Office Assistant II,Financial Analyst,383053
748,Taylor Ellings,18,Professor,Community Outreach Specialist,23215
749,Arch Klus,2,General Manager,Staff Accountant III,83324
750,Shelby Eslie,24,Account Coordinator,Engineer II,466107
751,Christan Aimable,16,Librarian,Desktop Support Technician,465287
752,Howey McCafferky,12,Senior Editor,Account Representative III,473595
753,Liana Lavallin,24,Recruiting Manager,Nurse Practicioner,127147
754,Effie Guild,1,Media Manager IV,VP Quality Control,67123
755,Tammie Pindell,18,Desktop Support Technician,Civil Engineer,477818
756,Pebrook Le Cornu,26,Help Desk Operator,Senior Sales Associate,233561
757,Thalia Beetham,29,VP Quality Control,Office Assistant III,370289
758,Yul Toupe,25,Software Consultant,Senior Editor,171337
759,Mendel O'Neary,12,Geologist II,Senior Quality Engineer,386502
760,Eberto Mushet,13,Design Engineer,VP Marketing,129656
761,Alta Flowerden,24,Account Coordinator,Senior Quality Engineer,169855
762,Vivien Joss,9,Administrative Officer,Clinical Specialist,32218
763,Derek McPeeters,21,Computer Systems Analyst I,Civil Engineer,159283
764,Lita Oats,18,Recruiting Manager,Graphic Designer,494586
765,Benn Chittey,21,Senior Quality Engineer,Media Manager III,436658
766,Alissa Slide,28,Data Coordiator,Administrative Assistant II,154730
767,Jecho MacTurlough,8,Health Coach I,Quality Control Specialist,290537
768,Abbot Deehan,4,Research Assistant I,Design Engineer,328327
769,Fidela Caudelier,28,Web Developer IV,Computer Systems Analyst III,462301
770,Mireielle Tudge,7,Assistant Manager,Physical Therapy Assistant,348278
771,Nicole Foad,14,Professor,Business Systems Development Analyst,262096
772,Morena Eliassen,23,Sales Representative,Editor,481058
773,Sig Stieger,16,Geologist II,Business Systems Development Analyst,46939
774,Evin Tutin,28,Analyst Programmer,Community Outreach Specialist,170317
775,Peyter Lissimore,19,VP Sales,VP Quality Control,493988
776,Christie Pinfold,21,Senior Cost Accountant,Food Chemist,185194
777,Horatio Kimmel,1,Office Assistant III,Speech Pathologist,137445
778,Skye Osbaldeston,7,Marketing Manager,Data Coordiator,478465
779,Dorthea Ganny,10,Payment Adjustment Coordinator,Executive Secretary,243151
780,Gun Read,19,Software Test Engineer IV,Health Coach I,81282
781,Guglielmo De Miranda,27,VP Product Management,Engineer III,36012
782,Gwenny Gratrex,25,Assistant Media Planner,Senior Developer,371933
783,Burty Kneale,6,Mechanical Systems Engineer,Assistant Professor,120974
784,Mehetabel Paute,29,Mechanical Systems Engineer,Junior Executive,107402
785,Valli Hillam,22,Software Test Engineer II,Research Nurse,303477
786,Blinnie Bartlomieczak,19,Junior Executive,Account Coordinator,159941
787,Patience Lordon,4,Account Representative II,Physical Therapy Assistant,403623
788,Olivero Leifer,3,Desktop Support Technician,Information Systems Manager,391832
789,Cyb Mattisssen,8,Research Nurse,Paralegal,204378
790,Madelina Ellershaw,28,Chief Design Engineer,VP Quality Control,142729
791,Jamal Pullan,13,Budget/Accounting Analyst II,Biostatistician IV,377986
792,Carmelle Hiskey,5,Payment Adjustment Coordinator,Structural Engineer,234986
793,Zilvia Facchini,9,Chemical Engineer,VP Quality Control,101866
794,Allsun Castilljo,13,Nurse,Product Engineer,160942
795,Pooh Sumnall,8,Payment Adjustment Coordinator,Account Executive,257175
796,Judah de Wilde,23,Financial Advisor,Marketing Assistant,373792
797,Marcos Barby,28,Operator,Librarian,370556
798,Lynelle Jaslem,15,Actuary,Senior Editor,95805
799,Brandi Kearsley,13,Account Representative II,Assistant Professor,458847
800,Riane Cheley,27,Account Representative IV,Health Coach III,67161
801,Albertina Windram,17,Geological Engineer,Executive Secretary,61360
802,Konrad Shovell,8,Junior Executive,Structural Engineer,67162
803,Bessie Haggerty,8,Staff Scientist,Nuclear Power Engineer,314300
804,Nicko Nesterov,0,Nurse Practicioner,Statistician IV,141666
805,Reilly Pickford,13,Geologist IV,Research Nurse,397387
806,Robbi Scrimshaw,1,Electrical Engineer,Actuary,262235
807,Marthena Ingerman,25,Media Manager I,Registered Nurse,198044
808,Demetra Haspineall,0,Automation Specialist I,Computer Systems Analyst I,495484
809,Meade Rigden,13,Safety Technician III,Administrative Officer,430410
810,Maddalena Sutter,0,Research Nurse,VP Product Management,116627
811,Ruby Keggin,6,Database Administrator IV,Junior Executive,333269
812,Charo Giacopazzi,25,Senior Editor,Assistant Professor,133319
813,Symon Cripin,26,Quality Control Specialist,Technical Writer,404999
814,Ancell Labba,15,Developer II,Technical Writer,445324
815,Derby Kulicke,2,Assistant Media Planner,Account Coordinator,401563
816,Karlis McRinn,16,Payment Adjustment Coordinator,Chief Design Engineer,465760
817,Loleta Skacel,1,Desktop Support Technician,Junior Executive,172252
818,Lanny Yorath,7,Dental Hygienist,Business Systems Development Analyst,219152
819,Georgie Lechelle,22,VP Product Management,Help Desk Operator,20485
820,Edsel Janiszewski,24,Budget/Accounting Analyst IV,Accountant III,448280
821,Gareth Jerisch,8,Professor,Mechanical Systems Engineer,474229
822,Ramonda Cowherd,14,Assistant Manager,Product Engineer,272398
823,Thomasina Broggelli,18,Health Coach I,VP Quality Control,445975
824,Tonie Casemore,21,Senior Quality Engineer,Automation Specialist IV,483927
825,Lorie Pentecust,23,Marketing Assistant,Physical Therapy Assistant,126030
826,Annmarie Brito,19,Registered Nurse,Civil Engineer,204595
827,Freeland Sturch,26,Senior Sales Associate,Geological Engineer,276341
828,Judy Van den Dael,4,Human Resources Manager,VP Product Management,108004
829,Ricki Tiddy,21,Research Assistant III,Data Coordiator,224511
830,Lissie Whiffin,28,Dental Hygienist,Senior Developer,255509
831,Ximenez Josse,20,Structural Analysis Engineer,Account Executive,220341
832,Eddi Conquest,23,Account Executive,Nurse,304069
833,Bendick Jaan,18,Sales Associate,Legal Assistant,467939
834,Griffith Farland,9,Programmer II,Help Desk Technician,154131
835,Mathilda Mulroy,12,VP Quality Control,Senior Developer,441691
836,Stavros Assandri,6,Teacher,Project Manager,153092
837,Berget Bryan,7,Human Resources Manager,Assistant Media Planner,206005
838,Alfie Maughan,27,Librarian,Pharmacist,87559
839,Storm Twidle,29,Editor,Senior Quality Engineer,321330
840,Alida De Giorgi,3,Analog Circuit Design manager,Actuary,246984
841,Ammamaria Greensall,0,Senior Financial Analyst,Environmental Specialist,152422
842,Shara Surman,29,Tax Accountant,Account Representative I,88687
843,Dallas Hembling,16,Engineer I,Civil Engineer,252967
844,Loretta Tye,27,Librarian,Senior Editor,319478
845,Susanne Fahrenbach,15,Geological Engineer,Biostatistician III,291824
846,Charlie Fyndon,16,Information Systems Manager,Senior Quality Engineer,282196
847,Ellis Artist,12,VP Accounting,Product Engineer,443620
848,Lillis Roddy,11,Statistician II,Geologist III,427592
849,Kyrstin Hamly,5,Health Coach II,Account Coordinator,231141
850,Latia Mitchely,10,Geological Engineer,Compensation Analyst,471561
851,Elmira Fabler,24,Administrative Officer,Programmer I,16933
852,Isador Fist,8,Administrative Assistant III,Nurse,14351
853,Brewster Lovatt,6,Quality Control Specialist,Tax Accountant,76413
854,Samuele Reach,30,Registered Nurse,Social Worker,281412
855,Jenda Brandrick,27,General Manager,Financial Analyst,353740
856,Kacy Sherebrook,1,Financial Advisor,Help Desk Operator,398278
857,Sherline Fairbard,24,Help Desk Technician,Web Designer IV,341271
858,Bard Norridge,16,Recruiting Manager,Safety Technician III,468238
859,Lindsey Vreiberg,13,Chief Design Engineer,Director of Sales,216930
860,Palmer Fluger,25,Account Representative II,Dental Hygienist,190250
861,Zsazsa Buyers,4,Media Manager II,Pharmacist,100020
862,Lynda Urien,22,Graphic Designer,Graphic Designer,401801
863,Christel Swindles,19,Research Associate,Desktop Support Technician,197215
864,Boone MacGiolla Pheadair,10,Quality Engineer,Software Engineer IV,72122
865,Zachery Plunket,4,Human Resources Manager,Media Manager III,486760
866,Spence La Croce,16,Administrative Officer,Recruiter,392582
867,Emile Severns,6,Design Engineer,Software Consultant,125512
868,Bambie Whellams,0,Editor,Software Consultant,79656
869,Karlyn Iwanowicz,20,Actuary,Help Desk Operator,22741
870,Trueman Tatham,6,Quality Engineer,Paralegal,27184
871,Kerk Pinsent,10,Assistant Media Planner,Account Representative III,194780
872,Jesse Brashaw,4,Senior Editor,Environmental Specialist,384510
873,Clem Rozea,10,GIS Technical Architect,VP Marketing,279254
874,Bee Bean,9,Teacher,Senior Quality Engineer,437587
875,Netty Dumbar,0,Payment Adjustment Coordinator,Speech Pathologist,464945
876,Perice Dreher,14,Recruiting Manager,Chemical Engineer,109906
877,Roderich Crisell,2,Senior Developer,Physical Therapy Assistant,268375
878,Tore Detoile,17,Web Developer I,Assistant Media Planner,472771
879,Riley Biermatowicz,22,Web Developer II,Speech Pathologist,112106
880,Omar Sharman,25,Teacher,VP Sales,215634
881,Chryste Stollsteiner,19,Product Engineer,Automation Specialist II,410787
882,Danella Reddin,10,Programmer I,Nuclear Power Engineer,488511
883,Giovanna Karoly,10,Mechanical Systems Engineer,VP Product Management,265132
884,Gayla Mariault,3,Paralegal,Senior Financial Analyst,363577
885,Jasmin Sansam,17,Automation Specialist III,Geological Engineer,314871
886,Dorena Suerz,9,Librarian,Project Manager,21061
887,Claiborn Marginson,13,Social Worker,Systems Administrator I,381882
888,Dukey Dimanche,28,Web Developer II,Administrative Officer,301059
889,Derward Boatswain,16,Electrical Engineer,Mechanical Systems Engineer,110877
890,Gaylene Minci,23,Safety Technician III,Assistant Professor,385168
891,Brion Pusey,24,Developer III,Junior Executive,162753
892,Novelia Hars,26,Paralegal,Administrative Officer,408410
893,Lenard Duffer,9,Marketing Manager,Physical Therapy Assistant,497958
894,Dmitri Sottell,13,Biostatistician IV,Programmer IV,180073
895,Carlotta Maunder,10,GIS Technical Architect,Account Representative IV,202306
896,Miner Pinching,0,Mechanical Systems Engineer,Community Outreach Specialist,411052
897,Lebbie MacNeill,7,Senior Sales Associate,Software Consultant,361912
898,Tallie McKeighan,9,Senior Sales Associate,Office Assistant I,200478
899,Lynelle Drieu,26,Design Engineer,VP Accounting,386764
900,Clint Happs,4,Structural Engineer,Graphic Designer,251594
901,Tammie Goodee,7,Help Desk Technician,Structural Analysis Engineer,417370
902,Latrena Sconce,18,Actuary,Payment Adjustment Coordinator,81979
903,Liesa Cattenach,18,Executive Secretary,Accounting Assistant I,439764
904,Agneta Marsden,24,Payment Adjustment Coordinator,Desktop Support Technician,468586
905,Elana Aulsford,3,Analyst Programmer,Office Assistant IV,413796
906,Lauraine McUre,8,Research Assistant IV,VP Quality Control,90661
907,Collin Morshead,3,Staff Scientist,Database Administrator IV,301950
908,Dania Darko,27,Programmer I,VP Accounting,317960
909,Rice Rogge,23,Automation Specialist II,Software Consultant,70599
910,Kippie Grave,13,Health Coach II,Nuclear Power Engineer,305007
911,Hugo Crowcher,3,Civil Engineer,Help Desk Technician,169148
912,Rolland Maestrini,12,Sales Associate,Actuary,22240
913,Vally Spinozzi,6,Programmer Analyst III,Legal Assistant,317165
914,Cathlene Hoonahan,0,Social Worker,Systems Administrator III,154977
915,Eustace Eynaud,1,Tax Accountant,Engineer I,51778
916,Carrol Pepon,28,Quality Engineer,Recruiter,98885
917,Raynard Downer,7,Desktop Support Technician,Operator,66161
918,Kippar Feander,13,Software Test Engineer II,Recruiting Manager,178313
919,Stefa Gainsford,27,Programmer Analyst II,Programmer Analyst I,317761
920,Drew Ingleson,7,Nurse,Payment Adjustment Coordinator,313125
921,Mommy MacGee,15,Pharmacist,Software Test Engineer III,359346
922,Derron Grzeskowski,3,Administrative Officer,Structural Analysis Engineer,398061
923,Tucky Vassar,14,Marketing Assistant,Computer Systems Analyst II,412443
924,Jackqueline Crown,18,Environmental Specialist,Financial Analyst,385480
925,Anson Hele,25,Structural Engineer,General Manager,59068
926,Upton Goose,22,VP Product Management,Technical Writer,92847
927,Gerianna Simanenko,1,Social Worker,Environmental Specialist,452184
928,Vitia Duplock,4,VP Accounting,Assistant Manager,366932
929,Courtney Crunkhorn,7,Compensation Analyst,Physical Therapy Assistant,378340
930,Natka Malham,26,Occupational Therapist,Payment Adjustment Coordinator,118329
931,Randi Hutchins,7,Associate Professor,Biostatistician III,113002
932,Mick Acutt,18,Senior Editor,Environmental Specialist,443423
933,Ara Skittrell,19,Information Systems Manager,Senior Cost Accountant,401009
934,Shelagh Guidoni,20,Analyst Programmer,Assistant Manager,282606
935,Lanna Kennsley,10,Computer Systems Analyst III,Web Developer II,309406
936,Andrus Youngman,22,Associate Professor,Technical Writer,366907
937,Tobiah Meads,10,Senior Sales Associate,GIS Technical Architect,376690
938,Juditha Cutress,7,Chemical Engineer,Executive Secretary,274663
939,Olive Swires,0,Computer Systems Analyst III,Speech Pathologist,90586
940,Bunni Regler,26,Assistant Manager,Compensation Analyst,151529
941,Vin Marmon,1,Web Designer III,VP Sales,469886
942,Ricardo Dupey,19,Senior Financial Analyst,Safety Technician II,56300
943,Thurstan Windram,9,Account Representative II,Programmer IV,17279
944,Fiann Knapton,20,Assistant Media Planner,Administrative Officer,35255
945,Conni Diter,1,Desktop Support Technician,Business Systems Development Analyst,704
946,Darn Casillis,5,Business Systems Development Analyst,Physical Therapy Assistant,87166
947,Ellynn Baffin,21,Pharmacist,Information Systems Manager,63195
948,Alfy Dowdell,7,Compensation Analyst,General Manager,140978
949,Hans Bullick,28,Administrative Assistant III,Programmer III,255147
950,Marcie Dougal,6,VP Sales,Assistant Media Planner,396097
951,Pollyanna Ewert,24,Speech Pathologist,Physical Therapy Assistant,475399
952,Dwayne Georgeou,2,Occupational Therapist,Marketing Manager,402706
953,Millisent Ridel,20,Software Consultant,Payment Adjustment Coordinator,75317
954,Tandi Tourot,24,Internal Auditor,Occupational Therapist,310173
955,Leroi Biernacki,23,Speech Pathologist,Sales Representative,126165
956,Leopold Whye,21,Assistant Media Planner,VP Accounting,252568
957,Odell Bowfin,20,Web Developer II,Help Desk Operator,262881
958,Claudio Mugleston,29,GIS Technical Architect,Speech Pathologist,56156
959,Brewster Portis,28,Desktop Support Technician,Actuary,481219
960,Ariana Lisimore,28,Recruiter,Internal Auditor,218046
961,Englebert Corrie,17,Information Systems Manager,Geologist II,67397
962,Cathie Arber,13,Nurse,Information Systems Manager,272679
963,Siana Giacomucci,24,Professor,Teacher,290340
964,Aubert Fookes,3,Mechanical Systems Engineer,Geological Engineer,390829
965,Marcile Tukesby,18,Civil Engineer,Analog Circuit Design manager,420651
966,Niki Enticott,18,Developer I,Technical Writer,449303
967,Jarib Franses,10,Office Assistant II,Nurse,61729
968,Shaw Beavors,20,Chief Design Engineer,Environmental Tech,67641
969,Guglielmo Jeays,26,Recruiter,Sales Representative,246968
970,Fanya Kidds,26,Administrative Officer,Civil Engineer,205427
971,Sherline Bagehot,7,Administrative Assistant I,Help Desk Technician,394026
972,Gillie De Cruze,15,Automation Specialist I,Structural Analysis Engineer,160147
973,Dorolice Emery,24,Environmental Tech,Registered Nurse,34015
974,Bealle Alker,14,Environmental Specialist,Senior Financial Analyst,229491
975,Berkeley Feavers,10,Research Assistant I,Assistant Professor,362861
976,Eddie Tohill,28,Chief Design Engineer,Software Engineer III,447007
977,Nicolai Meenan,12,Legal Assistant,Speech Pathologist,470490
978,Meredith Huffa,8,Senior Editor,Structural Analysis Engineer,136734
979,Gayler Gilchrest,19,Desktop Support Technician,Recruiter,154681
980,Reggis McCreery,30,Marketing Manager,Systems Administrator I,265262
981,Sal Rilston,26,Associate Professor,Sales Representative,145980
982,Zorina Vardie,22,Software Engineer III,Assistant Manager,422589
983,Donal Crawshaw,12,Quality Control Specialist,Compensation Analyst,487915
984,Fabiano Ricard,19,Compensation Analyst,Paralegal,373624
985,Merwin Layfield,26,Design Engineer,Community Outreach Specialist,396222
986,Justino Wilkie,0,Teacher,Help Desk Technician,67773
987,Hussein Marquese,0,Food Chemist,Accountant IV,37910
988,Thaddeus Cape,18,Environmental Specialist,Occupational Therapist,227306
989,Filberte Mc Gorley,23,Community Outreach Specialist,Account Executive,430573
990,Aristotle Kivelhan,24,Quality Engineer,Financial Advisor,124898
991,Sibylle Dunbabin,5,Marketing Manager,Account Coordinator,82650
992,Llywellyn Tomkin,28,Product Engineer,Payment Adjustment Coordinator,74063
993,Adda Simson,25,Human Resources Assistant IV,Occupational Therapist,354914
994,Corrie Jurewicz,21,Office Assistant III,Human Resources Assistant IV,249469
995,Sydney Auger,17,Analyst Programmer,Executive Secretary,26211
996,Kalil Martinuzzi,13,Professor,VP Quality Control,275761
997,Nat Rebert,9,Systems Administrator II,Web Designer III,446300
998,Hephzibah Ellacott,9,Nurse Practicioner,Editor,347506
999,Ikey Warlowe,30,Teacher,Help Desk Technician,168831
1000,Adriana Scrivener,22,Sales Associate,Compensation Analyst,229585
