id,Вместимость,Функционал
1,1,Aliquam erat volutpat.
2,3,In sagittis dui vel nisl. Duis ac nibh.
3,5,Integer a nibh. In quis justo.
4,4,Donec semper sapien a libero.
5,3,"Fusce congue, diam id ornare imperdiet, sapien urna pretium nisl, ut volutpat sapien arcu sed augue."
6,1,Integer a nibh.
7,2,In hac habitasse platea dictumst. Etiam faucibus cursus urna.
8,5,Nulla ac enim.
9,3,Donec quis orci eget orci vehicula condimentum. Curabitur in libero ut massa volutpat convallis.
10,2,"Maecenas leo odio, condimentum id, luctus nec, molestie sed, justo. Pellentesque viverra pede ac diam."
11,1,"Morbi sem mauris, laoreet ut, rhoncus aliquet, pulvinar sed, nisl."
12,2,In hac habitasse platea dictumst.
13,5,Suspendisse accumsan tortor quis turpis.
14,1,"Nam ultrices, libero non mattis pulvinar, nulla pede ullamcorper augue, a suscipit nulla elit ac nulla."
15,3,"Mauris enim leo, rhoncus sed, vestibulum sit amet, cursus id, turpis. Integer aliquet, massa id lobortis convallis, tortor risus dapibus augue, vel accumsan tellus nisi eu orci."
16,5,"Vestibulum ante ipsum primis in faucibus orci luctus et ultrices posuere cubilia Curae; Nulla dapibus dolor vel est. Donec odio justo, sollicitudin ut, suscipit a, feugiat et, eros."
17,3,Donec vitae nisi.
18,5,Vivamus in felis eu sapien cursus vestibulum. Proin eu mi.
19,3,"Nulla ac enim. In tempor, turpis nec euismod scelerisque, quam turpis adipiscing lorem, vitae mattis nibh ligula nec sem."
20,3,Proin interdum mauris non ligula pellentesque ultrices. Phasellus id sapien in sapien iaculis congue.
21,3,"Integer pede justo, lacinia eget, tincidunt eget, tempus vel, pede. Morbi porttitor lorem id ligula."
22,1,"Cras pellentesque volutpat dui. Maecenas tristique, est et tempus semper, est quam pharetra magna, ac consequat metus sapien ut nunc."
23,1,"Cum sociis natoque penatibus et magnis dis parturient montes, nascetur ridiculus mus."
24,2,Morbi porttitor lorem id ligula.
25,2,Nulla mollis molestie lorem.
26,4,"Lorem ipsum dolor sit amet, consectetuer adipiscing elit."
27,5,Sed vel enim sit amet nunc viverra dapibus.
28,3,Praesent blandit lacinia erat. Vestibulum sed magna at nunc commodo placerat.
29,4,"Donec ut mauris eget massa tempor convallis. Nulla neque libero, convallis eget, eleifend luctus, ultricies eu, nibh."
30,3,Vestibulum ante ipsum primis in faucibus orci luctus et ultrices posuere cubilia Curae; Nulla dapibus dolor vel est.
31,1,"Vivamus vestibulum sagittis sapien. Cum sociis natoque penatibus et magnis dis parturient montes, nascetur ridiculus mus."
32,3,Nulla mollis molestie lorem. Quisque ut erat.
33,2,Vestibulum ante ipsum primis in faucibus orci luctus et ultrices posuere cubilia Curae; Mauris viverra diam vitae quam.
34,2,Cras pellentesque volutpat dui.
35,3,"Mauris enim leo, rhoncus sed, vestibulum sit amet, cursus id, turpis."
36,2,Sed ante.
37,3,Nulla mollis molestie lorem.
38,2,"Morbi odio odio, elementum eu, interdum eu, tincidunt in, leo. Maecenas pulvinar lobortis est."
39,4,In hac habitasse platea dictumst. Maecenas ut massa quis augue luctus tincidunt.
40,1,Curabitur in libero ut massa volutpat convallis.
41,2,"In hac habitasse platea dictumst. Aliquam augue quam, sollicitudin vitae, consectetuer eget, rutrum at, lorem."
42,2,"Proin leo odio, porttitor id, consequat in, consequat ut, nulla."
43,1,Maecenas pulvinar lobortis est. Phasellus sit amet erat.
44,1,Nulla nisl.
45,5,Aliquam non mauris. Morbi non lectus.
46,4,Suspendisse potenti. Cras in purus eu magna vulputate luctus.
47,4,"Morbi odio odio, elementum eu, interdum eu, tincidunt in, leo. Maecenas pulvinar lobortis est."
48,2,"Vivamus metus arcu, adipiscing molestie, hendrerit at, vulputate vitae, nisl. Aenean lectus."
49,2,In hac habitasse platea dictumst.
50,3,"Morbi sem mauris, laoreet ut, rhoncus aliquet, pulvinar sed, nisl. Nunc rhoncus dui vel sem."
51,5,Suspendisse potenti. Cras in purus eu magna vulputate luctus.
52,3,Ut tellus.
53,5,Maecenas pulvinar lobortis est.
54,3,In congue.
55,3,Morbi non lectus. Aliquam sit amet diam in magna bibendum imperdiet.
56,2,Donec ut dolor.
57,5,Etiam vel augue. Vestibulum rutrum rutrum neque.
58,1,"Morbi odio odio, elementum eu, interdum eu, tincidunt in, leo. Maecenas pulvinar lobortis est."
59,3,"Phasellus id sapien in sapien iaculis congue. Vivamus metus arcu, adipiscing molestie, hendrerit at, vulputate vitae, nisl."
60,5,"Praesent lectus. Vestibulum quam sapien, varius ut, blandit non, interdum in, ante."
61,5,"Cras mi pede, malesuada in, imperdiet et, commodo vulputate, justo."
62,1,Etiam justo. Etiam pretium iaculis justo.
63,2,"In tempor, turpis nec euismod scelerisque, quam turpis adipiscing lorem, vitae mattis nibh ligula nec sem. Duis aliquam convallis nunc."
64,1,Nunc purus.
65,2,"Mauris enim leo, rhoncus sed, vestibulum sit amet, cursus id, turpis. Integer aliquet, massa id lobortis convallis, tortor risus dapibus augue, vel accumsan tellus nisi eu orci."
66,3,Vivamus vel nulla eget eros elementum pellentesque. Quisque porta volutpat erat.
67,4,Duis consequat dui nec nisi volutpat eleifend.
68,4,"Fusce lacus purus, aliquet at, feugiat non, pretium quis, lectus. Suspendisse potenti."
69,4,"Morbi vestibulum, velit id pretium iaculis, diam erat fermentum justo, nec condimentum neque sapien placerat ante. Nulla justo."
70,5,Morbi a ipsum.
71,2,"Fusce posuere felis sed lacus. Morbi sem mauris, laoreet ut, rhoncus aliquet, pulvinar sed, nisl."
72,4,"Praesent lectus. Vestibulum quam sapien, varius ut, blandit non, interdum in, ante."
73,3,Nulla facilisi. Cras non velit nec nisi vulputate nonummy.
74,1,"Morbi sem mauris, laoreet ut, rhoncus aliquet, pulvinar sed, nisl."
75,1,Nulla nisl.
76,5,"Mauris ullamcorper purus sit amet nulla. Quisque arcu libero, rutrum ac, lobortis vel, dapibus at, diam."
77,4,Aenean auctor gravida sem.
78,1,"Morbi vel lectus in quam fringilla rhoncus. Mauris enim leo, rhoncus sed, vestibulum sit amet, cursus id, turpis."
79,5,Proin eu mi.
80,5,Etiam justo.
81,4,Curabitur at ipsum ac tellus semper interdum. Mauris ullamcorper purus sit amet nulla.
82,1,Donec ut dolor.
83,5,Aenean auctor gravida sem.
84,4,"In est risus, auctor sed, tristique in, tempus sit amet, sem."
85,2,Aenean fermentum.
86,5,Duis aliquam convallis nunc. Proin at turpis a pede posuere nonummy.
87,5,Nulla ut erat id mauris vulputate elementum. Nullam varius.
88,5,Pellentesque ultrices mattis odio. Donec vitae nisi.
89,5,Praesent id massa id nisl venenatis lacinia.
90,3,Etiam faucibus cursus urna. Ut tellus.
91,4,Nulla facilisi.
92,3,Praesent lectus.
93,3,In hac habitasse platea dictumst.
94,1,Vivamus tortor.
95,2,Mauris lacinia sapien quis libero. Nullam sit amet turpis elementum ligula vehicula consequat.
96,5,Pellentesque viverra pede ac diam.
97,1,Maecenas ut massa quis augue luctus tincidunt. Nulla mollis molestie lorem.
98,2,Ut tellus. Nulla ut erat id mauris vulputate elementum.
99,3,Praesent blandit.
100,2,Donec posuere metus vitae ipsum.
101,2,Morbi ut odio.
102,1,Mauris lacinia sapien quis libero.
103,3,Nulla mollis molestie lorem. Quisque ut erat.
104,4,Curabitur convallis. Duis consequat dui nec nisi volutpat eleifend.
105,2,Donec ut dolor.
106,2,"Nam ultrices, libero non mattis pulvinar, nulla pede ullamcorper augue, a suscipit nulla elit ac nulla."
107,1,Nulla mollis molestie lorem.
108,4,Suspendisse ornare consequat lectus.
109,3,Duis mattis egestas metus. Aenean fermentum.
110,4,Aliquam quis turpis eget elit sodales scelerisque.
111,3,"In hac habitasse platea dictumst. Aliquam augue quam, sollicitudin vitae, consectetuer eget, rutrum at, lorem."
112,4,Proin interdum mauris non ligula pellentesque ultrices. Phasellus id sapien in sapien iaculis congue.
113,1,Cras pellentesque volutpat dui.
114,1,"Vivamus metus arcu, adipiscing molestie, hendrerit at, vulputate vitae, nisl."
115,1,Suspendisse potenti.
116,1,"Praesent lectus. Vestibulum quam sapien, varius ut, blandit non, interdum in, ante."
117,1,"Donec odio justo, sollicitudin ut, suscipit a, feugiat et, eros."
118,5,"Duis ac nibh. Fusce lacus purus, aliquet at, feugiat non, pretium quis, lectus."
119,1,Morbi ut odio.
120,4,Duis consequat dui nec nisi volutpat eleifend.
121,1,Suspendisse potenti.
122,3,Nullam molestie nibh in lectus.
123,3,Morbi vel lectus in quam fringilla rhoncus.
124,4,"Morbi ut odio. Cras mi pede, malesuada in, imperdiet et, commodo vulputate, justo."
125,4,"In est risus, auctor sed, tristique in, tempus sit amet, sem."
126,5,Duis bibendum.
127,4,"Cum sociis natoque penatibus et magnis dis parturient montes, nascetur ridiculus mus. Vivamus vestibulum sagittis sapien."
128,2,Phasellus id sapien in sapien iaculis congue.
129,2,"Suspendisse ornare consequat lectus. In est risus, auctor sed, tristique in, tempus sit amet, sem."
130,2,Aenean sit amet justo.
131,4,In sagittis dui vel nisl. Duis ac nibh.
132,2,"Duis ac nibh. Fusce lacus purus, aliquet at, feugiat non, pretium quis, lectus."
133,2,Ut tellus. Nulla ut erat id mauris vulputate elementum.
134,4,Phasellus in felis. Donec semper sapien a libero.
135,3,In hac habitasse platea dictumst.
136,5,Duis bibendum. Morbi non quam nec dui luctus rutrum.
137,5,Nulla mollis molestie lorem.
138,2,"Fusce congue, diam id ornare imperdiet, sapien urna pretium nisl, ut volutpat sapien arcu sed augue."
139,5,Duis consequat dui nec nisi volutpat eleifend. Donec ut dolor.
140,4,Duis at velit eu est congue elementum. In hac habitasse platea dictumst.
141,3,"Fusce congue, diam id ornare imperdiet, sapien urna pretium nisl, ut volutpat sapien arcu sed augue. Aliquam erat volutpat."
142,2,In eleifend quam a odio. In hac habitasse platea dictumst.
143,1,Integer ac leo. Pellentesque ultrices mattis odio.
144,4,"Integer aliquet, massa id lobortis convallis, tortor risus dapibus augue, vel accumsan tellus nisi eu orci. Mauris lacinia sapien quis libero."
145,3,"Vestibulum ante ipsum primis in faucibus orci luctus et ultrices posuere cubilia Curae; Donec pharetra, magna vestibulum aliquet ultrices, erat tortor sollicitudin mi, sit amet lobortis sapien sapien non mi. Integer ac neque."
146,3,"Morbi vestibulum, velit id pretium iaculis, diam erat fermentum justo, nec condimentum neque sapien placerat ante."
147,3,Vivamus tortor. Duis mattis egestas metus.
148,1,Donec posuere metus vitae ipsum.
149,3,"Mauris ullamcorper purus sit amet nulla. Quisque arcu libero, rutrum ac, lobortis vel, dapibus at, diam."
150,1,Nulla tellus.
151,3,Donec ut dolor.
152,5,Curabitur at ipsum ac tellus semper interdum.
153,3,"In tempor, turpis nec euismod scelerisque, quam turpis adipiscing lorem, vitae mattis nibh ligula nec sem. Duis aliquam convallis nunc."
154,2,"In est risus, auctor sed, tristique in, tempus sit amet, sem. Fusce consequat."
155,1,Morbi porttitor lorem id ligula. Suspendisse ornare consequat lectus.
156,4,In hac habitasse platea dictumst.
157,1,Phasellus sit amet erat. Nulla tempus.
158,2,Maecenas ut massa quis augue luctus tincidunt. Nulla mollis molestie lorem.
159,4,Duis bibendum. Morbi non quam nec dui luctus rutrum.
160,3,Quisque porta volutpat erat.
161,4,"Fusce lacus purus, aliquet at, feugiat non, pretium quis, lectus. Suspendisse potenti."
162,4,Mauris lacinia sapien quis libero. Nullam sit amet turpis elementum ligula vehicula consequat.
163,4,Duis mattis egestas metus. Aenean fermentum.
164,3,"Proin leo odio, porttitor id, consequat in, consequat ut, nulla. Sed accumsan felis."
165,4,"Vestibulum quam sapien, varius ut, blandit non, interdum in, ante."
166,1,"Fusce posuere felis sed lacus. Morbi sem mauris, laoreet ut, rhoncus aliquet, pulvinar sed, nisl."
167,3,In eleifend quam a odio.
168,3,Cras non velit nec nisi vulputate nonummy. Maecenas tincidunt lacus at velit.
169,5,"Sed sagittis. Nam congue, risus semper porta volutpat, quam pede lobortis ligula, sit amet eleifend pede libero quis orci."
170,4,"Quisque arcu libero, rutrum ac, lobortis vel, dapibus at, diam."
171,3,Vivamus in felis eu sapien cursus vestibulum. Proin eu mi.
172,3,Aliquam non mauris. Morbi non lectus.
173,5,Nulla tellus.
174,4,"Nunc nisl. Duis bibendum, felis sed interdum venenatis, turpis enim blandit mi, in porttitor pede justo eu massa."
175,2,Duis bibendum. Morbi non quam nec dui luctus rutrum.
176,5,Integer tincidunt ante vel ipsum.
177,4,Sed accumsan felis.
178,5,Vivamus in felis eu sapien cursus vestibulum. Proin eu mi.
179,3,Vestibulum ante ipsum primis in faucibus orci luctus et ultrices posuere cubilia Curae; Mauris viverra diam vitae quam.
180,4,Curabitur convallis.
181,3,Nulla facilisi.
182,3,"Vestibulum ante ipsum primis in faucibus orci luctus et ultrices posuere cubilia Curae; Nulla dapibus dolor vel est. Donec odio justo, sollicitudin ut, suscipit a, feugiat et, eros."
183,1,Nullam sit amet turpis elementum ligula vehicula consequat.
184,1,Integer a nibh.
185,4,"Cum sociis natoque penatibus et magnis dis parturient montes, nascetur ridiculus mus."
186,2,Aenean sit amet justo. Morbi ut odio.
187,3,In hac habitasse platea dictumst.
188,2,"Sed sagittis. Nam congue, risus semper porta volutpat, quam pede lobortis ligula, sit amet eleifend pede libero quis orci."
189,1,In hac habitasse platea dictumst. Maecenas ut massa quis augue luctus tincidunt.
190,5,Aenean fermentum.
191,5,"Nam ultrices, libero non mattis pulvinar, nulla pede ullamcorper augue, a suscipit nulla elit ac nulla. Sed vel enim sit amet nunc viverra dapibus."
192,3,Aliquam erat volutpat.
193,4,"In hac habitasse platea dictumst. Morbi vestibulum, velit id pretium iaculis, diam erat fermentum justo, nec condimentum neque sapien placerat ante."
194,2,Nullam varius. Nulla facilisi.
195,3,Duis at velit eu est congue elementum. In hac habitasse platea dictumst.
196,5,"Donec vitae nisi. Nam ultrices, libero non mattis pulvinar, nulla pede ullamcorper augue, a suscipit nulla elit ac nulla."
197,5,Ut at dolor quis odio consequat varius.
198,3,Donec vitae nisi.
199,1,Duis bibendum.
200,5,Morbi porttitor lorem id ligula.
201,2,"Integer aliquet, massa id lobortis convallis, tortor risus dapibus augue, vel accumsan tellus nisi eu orci. Mauris lacinia sapien quis libero."
202,3,Duis consequat dui nec nisi volutpat eleifend.
203,5,"Morbi ut odio. Cras mi pede, malesuada in, imperdiet et, commodo vulputate, justo."
204,4,Phasellus id sapien in sapien iaculis congue.
205,5,Vivamus vestibulum sagittis sapien.
206,1,In hac habitasse platea dictumst.
207,5,"Lorem ipsum dolor sit amet, consectetuer adipiscing elit. Proin interdum mauris non ligula pellentesque ultrices."
208,2,"Morbi odio odio, elementum eu, interdum eu, tincidunt in, leo. Maecenas pulvinar lobortis est."
209,1,Maecenas pulvinar lobortis est. Phasellus sit amet erat.
210,1,In blandit ultrices enim.
211,2,Etiam justo.
212,3,Ut tellus.
213,4,"Nam congue, risus semper porta volutpat, quam pede lobortis ligula, sit amet eleifend pede libero quis orci. Nullam molestie nibh in lectus."
214,3,"Vestibulum ac est lacinia nisi venenatis tristique. Fusce congue, diam id ornare imperdiet, sapien urna pretium nisl, ut volutpat sapien arcu sed augue."
215,2,"Nam ultrices, libero non mattis pulvinar, nulla pede ullamcorper augue, a suscipit nulla elit ac nulla."
216,5,"Quisque erat eros, viverra eget, congue eget, semper rutrum, nulla."
217,3,Aenean sit amet justo.
218,5,Sed sagittis.
219,5,Cras non velit nec nisi vulputate nonummy.
220,2,"Nam congue, risus semper porta volutpat, quam pede lobortis ligula, sit amet eleifend pede libero quis orci."
221,4,"Quisque erat eros, viverra eget, congue eget, semper rutrum, nulla."
222,2,Phasellus sit amet erat.
223,2,Maecenas pulvinar lobortis est. Phasellus sit amet erat.
224,1,Vestibulum ante ipsum primis in faucibus orci luctus et ultrices posuere cubilia Curae; Mauris viverra diam vitae quam. Suspendisse potenti.
225,2,"Suspendisse ornare consequat lectus. In est risus, auctor sed, tristique in, tempus sit amet, sem."
226,3,In blandit ultrices enim.
227,5,Suspendisse accumsan tortor quis turpis.
228,4,Donec ut dolor. Morbi vel lectus in quam fringilla rhoncus.
229,1,Vestibulum ante ipsum primis in faucibus orci luctus et ultrices posuere cubilia Curae; Nulla dapibus dolor vel est.
230,2,"Vestibulum quam sapien, varius ut, blandit non, interdum in, ante."
231,2,Pellentesque ultrices mattis odio. Donec vitae nisi.
232,5,"In tempor, turpis nec euismod scelerisque, quam turpis adipiscing lorem, vitae mattis nibh ligula nec sem."
233,4,Morbi non quam nec dui luctus rutrum. Nulla tellus.
234,5,"Lorem ipsum dolor sit amet, consectetuer adipiscing elit. Proin risus."
235,1,Pellentesque at nulla.
236,4,Vestibulum ante ipsum primis in faucibus orci luctus et ultrices posuere cubilia Curae; Duis faucibus accumsan odio. Curabitur convallis.
237,4,In hac habitasse platea dictumst. Maecenas ut massa quis augue luctus tincidunt.
238,3,Morbi quis tortor id nulla ultrices aliquet.
239,4,"Cum sociis natoque penatibus et magnis dis parturient montes, nascetur ridiculus mus."
240,3,In sagittis dui vel nisl. Duis ac nibh.
241,4,Morbi non quam nec dui luctus rutrum. Nulla tellus.
242,1,"Fusce lacus purus, aliquet at, feugiat non, pretium quis, lectus."
243,5,"Quisque erat eros, viverra eget, congue eget, semper rutrum, nulla."
244,4,Ut at dolor quis odio consequat varius.
245,1,"Quisque arcu libero, rutrum ac, lobortis vel, dapibus at, diam."
246,2,Nulla ut erat id mauris vulputate elementum.
247,5,Vivamus tortor.
248,1,Donec ut dolor.
249,2,In congue.
250,4,Morbi non quam nec dui luctus rutrum.
251,4,Ut tellus. Nulla ut erat id mauris vulputate elementum.
252,3,Maecenas pulvinar lobortis est. Phasellus sit amet erat.
253,3,Proin at turpis a pede posuere nonummy.
254,1,Vivamus in felis eu sapien cursus vestibulum.
255,5,"Suspendisse ornare consequat lectus. In est risus, auctor sed, tristique in, tempus sit amet, sem."
256,3,Duis ac nibh.
257,4,"Morbi odio odio, elementum eu, interdum eu, tincidunt in, leo."
258,4,Aenean sit amet justo. Morbi ut odio.
259,5,Duis consequat dui nec nisi volutpat eleifend.
260,4,"Vestibulum quam sapien, varius ut, blandit non, interdum in, ante."
261,1,Donec ut dolor. Morbi vel lectus in quam fringilla rhoncus.
262,5,Vivamus tortor.
263,4,In sagittis dui vel nisl. Duis ac nibh.
264,1,Aliquam non mauris. Morbi non lectus.
265,1,Nullam sit amet turpis elementum ligula vehicula consequat. Morbi a ipsum.
266,5,Aenean sit amet justo. Morbi ut odio.
267,3,Sed vel enim sit amet nunc viverra dapibus.
268,1,"Morbi sem mauris, laoreet ut, rhoncus aliquet, pulvinar sed, nisl. Nunc rhoncus dui vel sem."
269,3,Nulla facilisi.
270,4,Vestibulum rutrum rutrum neque. Aenean auctor gravida sem.
271,3,"Vestibulum ac est lacinia nisi venenatis tristique. Fusce congue, diam id ornare imperdiet, sapien urna pretium nisl, ut volutpat sapien arcu sed augue."
272,1,Aliquam quis turpis eget elit sodales scelerisque.
273,4,Duis at velit eu est congue elementum.
274,1,"Morbi sem mauris, laoreet ut, rhoncus aliquet, pulvinar sed, nisl. Nunc rhoncus dui vel sem."
275,3,Integer tincidunt ante vel ipsum.
276,4,Suspendisse potenti. Nullam porttitor lacus at turpis.
277,1,"Phasellus id sapien in sapien iaculis congue. Vivamus metus arcu, adipiscing molestie, hendrerit at, vulputate vitae, nisl."
278,3,"Vivamus metus arcu, adipiscing molestie, hendrerit at, vulputate vitae, nisl."
279,2,Morbi non quam nec dui luctus rutrum.
280,5,"Vestibulum ac est lacinia nisi venenatis tristique. Fusce congue, diam id ornare imperdiet, sapien urna pretium nisl, ut volutpat sapien arcu sed augue."
281,5,Quisque porta volutpat erat.
282,1,"Vestibulum ante ipsum primis in faucibus orci luctus et ultrices posuere cubilia Curae; Donec pharetra, magna vestibulum aliquet ultrices, erat tortor sollicitudin mi, sit amet lobortis sapien sapien non mi. Integer ac neque."
283,2,"Phasellus id sapien in sapien iaculis congue. Vivamus metus arcu, adipiscing molestie, hendrerit at, vulputate vitae, nisl."
284,4,Nunc rhoncus dui vel sem.
285,2,Etiam justo. Etiam pretium iaculis justo.
286,2,Vivamus vel nulla eget eros elementum pellentesque. Quisque porta volutpat erat.
287,2,Aenean fermentum.
288,1,Maecenas pulvinar lobortis est.
289,5,"Morbi vestibulum, velit id pretium iaculis, diam erat fermentum justo, nec condimentum neque sapien placerat ante. Nulla justo."
290,4,Duis bibendum. Morbi non quam nec dui luctus rutrum.
291,3,"Nam nulla. Integer pede justo, lacinia eget, tincidunt eget, tempus vel, pede."
292,1,Pellentesque eget nunc. Donec quis orci eget orci vehicula condimentum.
293,5,Fusce consequat. Nulla nisl.
294,3,"Fusce posuere felis sed lacus. Morbi sem mauris, laoreet ut, rhoncus aliquet, pulvinar sed, nisl."
295,4,"Integer pede justo, lacinia eget, tincidunt eget, tempus vel, pede. Morbi porttitor lorem id ligula."
296,2,Ut at dolor quis odio consequat varius.
297,5,"Donec odio justo, sollicitudin ut, suscipit a, feugiat et, eros."
298,5,Pellentesque ultrices mattis odio. Donec vitae nisi.
299,4,Vivamus tortor. Duis mattis egestas metus.
300,1,Donec ut dolor. Morbi vel lectus in quam fringilla rhoncus.
301,4,"Morbi sem mauris, laoreet ut, rhoncus aliquet, pulvinar sed, nisl."
302,4,"Nam nulla. Integer pede justo, lacinia eget, tincidunt eget, tempus vel, pede."
303,5,Maecenas pulvinar lobortis est.
304,2,Vestibulum ante ipsum primis in faucibus orci luctus et ultrices posuere cubilia Curae; Mauris viverra diam vitae quam.
305,1,Quisque ut erat.
306,2,"Vivamus metus arcu, adipiscing molestie, hendrerit at, vulputate vitae, nisl."
307,2,Nullam molestie nibh in lectus. Pellentesque at nulla.
308,3,Nam tristique tortor eu pede.
309,2,Nulla suscipit ligula in lacus.
310,2,"Fusce lacus purus, aliquet at, feugiat non, pretium quis, lectus."
311,5,Ut at dolor quis odio consequat varius.
312,2,Vestibulum rutrum rutrum neque. Aenean auctor gravida sem.
313,2,"Vestibulum quam sapien, varius ut, blandit non, interdum in, ante. Vestibulum ante ipsum primis in faucibus orci luctus et ultrices posuere cubilia Curae; Duis faucibus accumsan odio."
314,3,Vivamus vestibulum sagittis sapien.
315,4,Pellentesque viverra pede ac diam.
316,5,Morbi a ipsum.
317,3,In sagittis dui vel nisl.
318,3,"Fusce congue, diam id ornare imperdiet, sapien urna pretium nisl, ut volutpat sapien arcu sed augue. Aliquam erat volutpat."
319,2,"Morbi odio odio, elementum eu, interdum eu, tincidunt in, leo."
320,3,In hac habitasse platea dictumst.
321,5,Etiam justo. Etiam pretium iaculis justo.
322,4,"Nulla ac enim. In tempor, turpis nec euismod scelerisque, quam turpis adipiscing lorem, vitae mattis nibh ligula nec sem."
323,2,Integer ac leo. Pellentesque ultrices mattis odio.
324,3,Etiam vel augue. Vestibulum rutrum rutrum neque.
325,3,In hac habitasse platea dictumst.
326,4,"In tempor, turpis nec euismod scelerisque, quam turpis adipiscing lorem, vitae mattis nibh ligula nec sem."
327,3,Nulla mollis molestie lorem.
328,2,Nullam molestie nibh in lectus.
329,4,Vestibulum rutrum rutrum neque. Aenean auctor gravida sem.
330,3,Morbi non lectus. Aliquam sit amet diam in magna bibendum imperdiet.
331,3,Sed sagittis.
332,4,Vestibulum ante ipsum primis in faucibus orci luctus et ultrices posuere cubilia Curae; Mauris viverra diam vitae quam.
333,5,Aliquam non mauris.
334,2,Donec posuere metus vitae ipsum.
335,5,"Morbi vel lectus in quam fringilla rhoncus. Mauris enim leo, rhoncus sed, vestibulum sit amet, cursus id, turpis."
336,3,"Integer aliquet, massa id lobortis convallis, tortor risus dapibus augue, vel accumsan tellus nisi eu orci. Mauris lacinia sapien quis libero."
337,1,Aenean fermentum. Donec ut mauris eget massa tempor convallis.
338,2,Nullam porttitor lacus at turpis. Donec posuere metus vitae ipsum.
339,3,Etiam pretium iaculis justo.
340,3,Donec ut dolor.
341,1,"Vivamus metus arcu, adipiscing molestie, hendrerit at, vulputate vitae, nisl."
342,5,Donec dapibus.
343,1,Donec quis orci eget orci vehicula condimentum.
344,2,Vestibulum rutrum rutrum neque. Aenean auctor gravida sem.
345,1,"Cras mi pede, malesuada in, imperdiet et, commodo vulputate, justo. In blandit ultrices enim."
346,4,Praesent id massa id nisl venenatis lacinia.
347,3,"Cum sociis natoque penatibus et magnis dis parturient montes, nascetur ridiculus mus."
348,3,"Donec odio justo, sollicitudin ut, suscipit a, feugiat et, eros."
349,1,Morbi porttitor lorem id ligula. Suspendisse ornare consequat lectus.
350,1,Phasellus in felis. Donec semper sapien a libero.
351,3,Maecenas pulvinar lobortis est. Phasellus sit amet erat.
352,3,Nulla suscipit ligula in lacus. Curabitur at ipsum ac tellus semper interdum.
353,5,Donec semper sapien a libero. Nam dui.
354,1,Duis at velit eu est congue elementum. In hac habitasse platea dictumst.
355,3,"Maecenas tristique, est et tempus semper, est quam pharetra magna, ac consequat metus sapien ut nunc. Vestibulum ante ipsum primis in faucibus orci luctus et ultrices posuere cubilia Curae; Mauris viverra diam vitae quam."
356,5,Donec posuere metus vitae ipsum.
357,1,Suspendisse accumsan tortor quis turpis. Sed ante.
358,5,Integer non velit.
359,3,"Nunc nisl. Duis bibendum, felis sed interdum venenatis, turpis enim blandit mi, in porttitor pede justo eu massa."
360,1,Aenean fermentum.
361,3,Vestibulum ante ipsum primis in faucibus orci luctus et ultrices posuere cubilia Curae; Duis faucibus accumsan odio.
362,5,"Nam nulla. Integer pede justo, lacinia eget, tincidunt eget, tempus vel, pede."
363,4,Pellentesque eget nunc.
364,5,"Lorem ipsum dolor sit amet, consectetuer adipiscing elit. Proin risus."
365,3,"Cras mi pede, malesuada in, imperdiet et, commodo vulputate, justo. In blandit ultrices enim."
366,5,Aliquam quis turpis eget elit sodales scelerisque. Mauris sit amet eros.
367,1,Vivamus vestibulum sagittis sapien.
368,4,Integer tincidunt ante vel ipsum.
369,4,Nullam porttitor lacus at turpis. Donec posuere metus vitae ipsum.
370,2,"Vestibulum ante ipsum primis in faucibus orci luctus et ultrices posuere cubilia Curae; Donec pharetra, magna vestibulum aliquet ultrices, erat tortor sollicitudin mi, sit amet lobortis sapien sapien non mi."
371,3,"Fusce lacus purus, aliquet at, feugiat non, pretium quis, lectus."
372,2,Vestibulum ante ipsum primis in faucibus orci luctus et ultrices posuere cubilia Curae; Mauris viverra diam vitae quam.
373,1,Aliquam sit amet diam in magna bibendum imperdiet.
374,3,Nulla suscipit ligula in lacus. Curabitur at ipsum ac tellus semper interdum.
375,1,"Morbi sem mauris, laoreet ut, rhoncus aliquet, pulvinar sed, nisl. Nunc rhoncus dui vel sem."
376,4,"Praesent lectus. Vestibulum quam sapien, varius ut, blandit non, interdum in, ante."
377,5,Suspendisse potenti.
378,4,"Integer pede justo, lacinia eget, tincidunt eget, tempus vel, pede. Morbi porttitor lorem id ligula."
379,3,"Vestibulum ante ipsum primis in faucibus orci luctus et ultrices posuere cubilia Curae; Donec pharetra, magna vestibulum aliquet ultrices, erat tortor sollicitudin mi, sit amet lobortis sapien sapien non mi."
380,3,"Lorem ipsum dolor sit amet, consectetuer adipiscing elit."
381,3,Praesent blandit.
382,4,Cras pellentesque volutpat dui.
383,2,Duis consequat dui nec nisi volutpat eleifend. Donec ut dolor.
384,4,Integer a nibh.
385,3,Vestibulum sed magna at nunc commodo placerat.
386,3,Morbi porttitor lorem id ligula.
387,3,"Cras mi pede, malesuada in, imperdiet et, commodo vulputate, justo."
388,3,Nulla tellus.
389,3,Nullam molestie nibh in lectus.
390,1,"Duis bibendum, felis sed interdum venenatis, turpis enim blandit mi, in porttitor pede justo eu massa."
391,2,Aliquam non mauris. Morbi non lectus.
392,4,Vestibulum sed magna at nunc commodo placerat. Praesent blandit.
393,2,Duis aliquam convallis nunc.
394,4,Vivamus in felis eu sapien cursus vestibulum. Proin eu mi.
395,5,Vivamus tortor.
396,5,Nullam molestie nibh in lectus. Pellentesque at nulla.
397,1,Sed accumsan felis. Ut at dolor quis odio consequat varius.
398,2,In congue.
399,3,In blandit ultrices enim.
400,4,Phasellus id sapien in sapien iaculis congue.
401,4,"Nullam orci pede, venenatis non, sodales sed, tincidunt eu, felis. Fusce posuere felis sed lacus."
402,4,Vestibulum ante ipsum primis in faucibus orci luctus et ultrices posuere cubilia Curae; Duis faucibus accumsan odio. Curabitur convallis.
403,2,Pellentesque viverra pede ac diam. Cras pellentesque volutpat dui.
404,1,Praesent id massa id nisl venenatis lacinia.
405,4,Aenean lectus.
406,1,Nullam sit amet turpis elementum ligula vehicula consequat.
407,2,"Nulla neque libero, convallis eget, eleifend luctus, ultricies eu, nibh. Quisque id justo sit amet sapien dignissim vestibulum."
408,1,Mauris sit amet eros. Suspendisse accumsan tortor quis turpis.
409,4,Donec quis orci eget orci vehicula condimentum.
410,2,"Integer aliquet, massa id lobortis convallis, tortor risus dapibus augue, vel accumsan tellus nisi eu orci."
411,1,"Lorem ipsum dolor sit amet, consectetuer adipiscing elit."
412,4,Vestibulum ante ipsum primis in faucibus orci luctus et ultrices posuere cubilia Curae; Mauris viverra diam vitae quam. Suspendisse potenti.
413,3,Sed accumsan felis.
414,5,Integer non velit.
415,2,Proin interdum mauris non ligula pellentesque ultrices.
416,3,Donec dapibus. Duis at velit eu est congue elementum.
417,2,Nulla mollis molestie lorem. Quisque ut erat.
418,3,In eleifend quam a odio.
419,2,"Vestibulum quam sapien, varius ut, blandit non, interdum in, ante. Vestibulum ante ipsum primis in faucibus orci luctus et ultrices posuere cubilia Curae; Duis faucibus accumsan odio."
420,3,"Fusce congue, diam id ornare imperdiet, sapien urna pretium nisl, ut volutpat sapien arcu sed augue."
421,5,Suspendisse potenti. Cras in purus eu magna vulputate luctus.
422,2,"Vivamus metus arcu, adipiscing molestie, hendrerit at, vulputate vitae, nisl."
423,2,Morbi a ipsum.
424,2,Etiam justo. Etiam pretium iaculis justo.
425,4,Curabitur in libero ut massa volutpat convallis.
426,5,Morbi non lectus.
427,2,Suspendisse ornare consequat lectus.
428,5,Proin at turpis a pede posuere nonummy.
429,4,Ut tellus.
430,3,Maecenas ut massa quis augue luctus tincidunt. Nulla mollis molestie lorem.
431,2,Cras non velit nec nisi vulputate nonummy. Maecenas tincidunt lacus at velit.
432,2,"Integer pede justo, lacinia eget, tincidunt eget, tempus vel, pede."
433,3,Nunc purus.
434,4,"Fusce congue, diam id ornare imperdiet, sapien urna pretium nisl, ut volutpat sapien arcu sed augue."
435,3,Etiam justo. Etiam pretium iaculis justo.
436,1,Quisque ut erat.
437,2,"Duis bibendum, felis sed interdum venenatis, turpis enim blandit mi, in porttitor pede justo eu massa."
438,5,"Vivamus metus arcu, adipiscing molestie, hendrerit at, vulputate vitae, nisl."
439,1,Quisque ut erat. Curabitur gravida nisi at nibh.
440,2,Integer tincidunt ante vel ipsum. Praesent blandit lacinia erat.
441,2,In congue.
442,3,Suspendisse potenti. Nullam porttitor lacus at turpis.
443,2,Etiam vel augue. Vestibulum rutrum rutrum neque.
444,4,"Aliquam augue quam, sollicitudin vitae, consectetuer eget, rutrum at, lorem."
445,3,Phasellus in felis. Donec semper sapien a libero.
446,4,Praesent blandit.
447,4,Suspendisse potenti.
448,3,Proin risus.
449,5,In hac habitasse platea dictumst.
450,1,Mauris lacinia sapien quis libero. Nullam sit amet turpis elementum ligula vehicula consequat.
451,3,"Proin leo odio, porttitor id, consequat in, consequat ut, nulla."
452,5,Vestibulum ante ipsum primis in faucibus orci luctus et ultrices posuere cubilia Curae; Duis faucibus accumsan odio.
453,3,"Nulla neque libero, convallis eget, eleifend luctus, ultricies eu, nibh."
454,5,Morbi non lectus.
455,5,Maecenas rhoncus aliquam lacus. Morbi quis tortor id nulla ultrices aliquet.
456,5,"In est risus, auctor sed, tristique in, tempus sit amet, sem."
457,3,Vivamus in felis eu sapien cursus vestibulum.
458,5,Mauris sit amet eros. Suspendisse accumsan tortor quis turpis.
459,4,In hac habitasse platea dictumst. Etiam faucibus cursus urna.
460,3,Morbi non quam nec dui luctus rutrum. Nulla tellus.
461,3,"Aliquam augue quam, sollicitudin vitae, consectetuer eget, rutrum at, lorem. Integer tincidunt ante vel ipsum."
462,4,Suspendisse potenti.
463,5,Fusce posuere felis sed lacus.
464,4,Mauris sit amet eros.
465,5,Integer a nibh.
466,2,Nulla mollis molestie lorem.
467,3,Donec ut dolor.
468,2,Nulla facilisi. Cras non velit nec nisi vulputate nonummy.
469,5,Aenean lectus. Pellentesque eget nunc.
470,1,"Integer aliquet, massa id lobortis convallis, tortor risus dapibus augue, vel accumsan tellus nisi eu orci."
471,5,Integer a nibh. In quis justo.
472,4,Quisque ut erat. Curabitur gravida nisi at nibh.
473,4,"Mauris enim leo, rhoncus sed, vestibulum sit amet, cursus id, turpis."
474,2,Nullam varius. Nulla facilisi.
475,5,"Sed sagittis. Nam congue, risus semper porta volutpat, quam pede lobortis ligula, sit amet eleifend pede libero quis orci."
476,2,Nullam varius.
477,3,Phasellus sit amet erat.
478,1,Nullam porttitor lacus at turpis. Donec posuere metus vitae ipsum.
479,4,"In est risus, auctor sed, tristique in, tempus sit amet, sem."
480,1,Mauris sit amet eros. Suspendisse accumsan tortor quis turpis.
481,2,Duis mattis egestas metus.
482,2,Mauris lacinia sapien quis libero. Nullam sit amet turpis elementum ligula vehicula consequat.
483,4,Duis consequat dui nec nisi volutpat eleifend.
484,2,Morbi non quam nec dui luctus rutrum.
485,2,Vestibulum sed magna at nunc commodo placerat. Praesent blandit.
486,1,"Fusce lacus purus, aliquet at, feugiat non, pretium quis, lectus. Suspendisse potenti."
487,3,Maecenas ut massa quis augue luctus tincidunt. Nulla mollis molestie lorem.
488,1,"Morbi odio odio, elementum eu, interdum eu, tincidunt in, leo."
489,4,"Nulla neque libero, convallis eget, eleifend luctus, ultricies eu, nibh."
490,5,"Nam ultrices, libero non mattis pulvinar, nulla pede ullamcorper augue, a suscipit nulla elit ac nulla. Sed vel enim sit amet nunc viverra dapibus."
491,2,"Sed sagittis. Nam congue, risus semper porta volutpat, quam pede lobortis ligula, sit amet eleifend pede libero quis orci."
492,4,"Fusce posuere felis sed lacus. Morbi sem mauris, laoreet ut, rhoncus aliquet, pulvinar sed, nisl."
493,1,Nulla tempus.
494,4,"In hac habitasse platea dictumst. Aliquam augue quam, sollicitudin vitae, consectetuer eget, rutrum at, lorem."
495,4,Aliquam non mauris.
496,2,"Vestibulum ac est lacinia nisi venenatis tristique. Fusce congue, diam id ornare imperdiet, sapien urna pretium nisl, ut volutpat sapien arcu sed augue."
497,5,"Sed sagittis. Nam congue, risus semper porta volutpat, quam pede lobortis ligula, sit amet eleifend pede libero quis orci."
498,3,"Duis bibendum, felis sed interdum venenatis, turpis enim blandit mi, in porttitor pede justo eu massa. Donec dapibus."
499,4,Nullam sit amet turpis elementum ligula vehicula consequat.
500,1,"Lorem ipsum dolor sit amet, consectetuer adipiscing elit. Proin interdum mauris non ligula pellentesque ultrices."
501,5,"Morbi odio odio, elementum eu, interdum eu, tincidunt in, leo."
502,5,In quis justo. Maecenas rhoncus aliquam lacus.
503,2,"Morbi ut odio. Cras mi pede, malesuada in, imperdiet et, commodo vulputate, justo."
504,4,Fusce posuere felis sed lacus.
505,3,"Fusce congue, diam id ornare imperdiet, sapien urna pretium nisl, ut volutpat sapien arcu sed augue. Aliquam erat volutpat."
506,5,Donec ut dolor.
507,3,Vivamus in felis eu sapien cursus vestibulum.
508,3,Nam nulla.
509,4,Duis mattis egestas metus. Aenean fermentum.
510,2,"Integer aliquet, massa id lobortis convallis, tortor risus dapibus augue, vel accumsan tellus nisi eu orci. Mauris lacinia sapien quis libero."
511,3,Vestibulum ac est lacinia nisi venenatis tristique.
512,3,Sed accumsan felis. Ut at dolor quis odio consequat varius.
513,2,Donec ut dolor. Morbi vel lectus in quam fringilla rhoncus.
514,5,Morbi ut odio.
515,5,"Fusce lacus purus, aliquet at, feugiat non, pretium quis, lectus. Suspendisse potenti."
516,3,Integer ac neque. Duis bibendum.
517,4,"Nullam orci pede, venenatis non, sodales sed, tincidunt eu, felis."
518,4,Donec posuere metus vitae ipsum.
519,2,"Morbi vel lectus in quam fringilla rhoncus. Mauris enim leo, rhoncus sed, vestibulum sit amet, cursus id, turpis."
520,2,Donec vitae nisi.
521,3,Praesent id massa id nisl venenatis lacinia.
522,5,Nulla tellus.
523,3,Fusce consequat. Nulla nisl.
524,4,"Morbi odio odio, elementum eu, interdum eu, tincidunt in, leo."
525,2,Nullam molestie nibh in lectus.
526,3,In congue. Etiam justo.
527,5,Duis bibendum. Morbi non quam nec dui luctus rutrum.
528,1,Nulla mollis molestie lorem. Quisque ut erat.
529,1,Aliquam erat volutpat. In congue.
530,2,"Nam dui. Proin leo odio, porttitor id, consequat in, consequat ut, nulla."
531,1,Donec semper sapien a libero.
532,2,Nulla facilisi.
533,4,Nullam sit amet turpis elementum ligula vehicula consequat.
534,1,Aenean sit amet justo.
535,5,Quisque porta volutpat erat.
536,1,"Duis bibendum, felis sed interdum venenatis, turpis enim blandit mi, in porttitor pede justo eu massa."
537,2,Nulla suscipit ligula in lacus.
538,2,"Lorem ipsum dolor sit amet, consectetuer adipiscing elit. Proin interdum mauris non ligula pellentesque ultrices."
539,1,"Nullam orci pede, venenatis non, sodales sed, tincidunt eu, felis. Fusce posuere felis sed lacus."
540,2,Nulla tellus.
541,1,Pellentesque eget nunc. Donec quis orci eget orci vehicula condimentum.
542,4,In quis justo. Maecenas rhoncus aliquam lacus.
543,1,"Morbi quis tortor id nulla ultrices aliquet. Maecenas leo odio, condimentum id, luctus nec, molestie sed, justo."
544,2,Vivamus in felis eu sapien cursus vestibulum. Proin eu mi.
545,5,Sed sagittis.
546,4,Curabitur gravida nisi at nibh.
547,1,Donec semper sapien a libero. Nam dui.
548,1,Nulla suscipit ligula in lacus. Curabitur at ipsum ac tellus semper interdum.
549,5,"Cras pellentesque volutpat dui. Maecenas tristique, est et tempus semper, est quam pharetra magna, ac consequat metus sapien ut nunc."
550,4,Aliquam erat volutpat. In congue.
551,2,"Curabitur in libero ut massa volutpat convallis. Morbi odio odio, elementum eu, interdum eu, tincidunt in, leo."
552,1,"Proin leo odio, porttitor id, consequat in, consequat ut, nulla."
553,2,Nam nulla.
554,2,Suspendisse potenti. Nullam porttitor lacus at turpis.
555,4,Nullam porttitor lacus at turpis.
556,4,Integer ac leo. Pellentesque ultrices mattis odio.
557,5,"Vestibulum ante ipsum primis in faucibus orci luctus et ultrices posuere cubilia Curae; Donec pharetra, magna vestibulum aliquet ultrices, erat tortor sollicitudin mi, sit amet lobortis sapien sapien non mi. Integer ac neque."
558,3,"Lorem ipsum dolor sit amet, consectetuer adipiscing elit."
559,2,Vestibulum ante ipsum primis in faucibus orci luctus et ultrices posuere cubilia Curae; Mauris viverra diam vitae quam. Suspendisse potenti.
560,5,"Morbi sem mauris, laoreet ut, rhoncus aliquet, pulvinar sed, nisl."
561,5,"In tempor, turpis nec euismod scelerisque, quam turpis adipiscing lorem, vitae mattis nibh ligula nec sem. Duis aliquam convallis nunc."
562,3,Vestibulum rutrum rutrum neque. Aenean auctor gravida sem.
563,1,"Nullam orci pede, venenatis non, sodales sed, tincidunt eu, felis. Fusce posuere felis sed lacus."
564,2,"Morbi ut odio. Cras mi pede, malesuada in, imperdiet et, commodo vulputate, justo."
565,1,Vivamus in felis eu sapien cursus vestibulum. Proin eu mi.
566,2,Maecenas pulvinar lobortis est. Phasellus sit amet erat.
567,4,Ut tellus. Nulla ut erat id mauris vulputate elementum.
568,1,"Morbi sem mauris, laoreet ut, rhoncus aliquet, pulvinar sed, nisl. Nunc rhoncus dui vel sem."
569,4,"Morbi ut odio. Cras mi pede, malesuada in, imperdiet et, commodo vulputate, justo."
570,4,Cras non velit nec nisi vulputate nonummy.
571,4,Nam dui.
572,5,Mauris sit amet eros.
573,2,Morbi non quam nec dui luctus rutrum. Nulla tellus.
574,4,Suspendisse potenti.
575,1,Vivamus vel nulla eget eros elementum pellentesque.
576,1,Maecenas pulvinar lobortis est. Phasellus sit amet erat.
577,2,"Cras pellentesque volutpat dui. Maecenas tristique, est et tempus semper, est quam pharetra magna, ac consequat metus sapien ut nunc."
578,5,Aenean lectus.
579,5,In blandit ultrices enim.
580,1,Praesent id massa id nisl venenatis lacinia. Aenean sit amet justo.
581,1,Suspendisse ornare consequat lectus.
582,2,Donec ut dolor. Morbi vel lectus in quam fringilla rhoncus.
583,1,"Praesent lectus. Vestibulum quam sapien, varius ut, blandit non, interdum in, ante."
584,2,"Nullam orci pede, venenatis non, sodales sed, tincidunt eu, felis. Fusce posuere felis sed lacus."
585,2,Donec quis orci eget orci vehicula condimentum.
586,3,"Vestibulum ante ipsum primis in faucibus orci luctus et ultrices posuere cubilia Curae; Nulla dapibus dolor vel est. Donec odio justo, sollicitudin ut, suscipit a, feugiat et, eros."
587,1,Suspendisse potenti. Nullam porttitor lacus at turpis.
588,3,Mauris ullamcorper purus sit amet nulla.
589,3,"Quisque arcu libero, rutrum ac, lobortis vel, dapibus at, diam. Nam tristique tortor eu pede."
590,5,Duis mattis egestas metus.
591,1,"Fusce congue, diam id ornare imperdiet, sapien urna pretium nisl, ut volutpat sapien arcu sed augue."
592,5,Nulla nisl. Nunc nisl.
593,1,"In est risus, auctor sed, tristique in, tempus sit amet, sem."
594,5,Morbi non lectus.
595,3,Nam tristique tortor eu pede.
596,3,Aenean fermentum.
597,5,In congue. Etiam justo.
598,2,In sagittis dui vel nisl. Duis ac nibh.
599,3,"Nam congue, risus semper porta volutpat, quam pede lobortis ligula, sit amet eleifend pede libero quis orci. Nullam molestie nibh in lectus."
600,4,Aliquam quis turpis eget elit sodales scelerisque. Mauris sit amet eros.
601,1,Nulla tempus.
602,4,"Cum sociis natoque penatibus et magnis dis parturient montes, nascetur ridiculus mus."
603,4,"Nam ultrices, libero non mattis pulvinar, nulla pede ullamcorper augue, a suscipit nulla elit ac nulla."
604,2,"Nullam orci pede, venenatis non, sodales sed, tincidunt eu, felis."
605,1,"Cum sociis natoque penatibus et magnis dis parturient montes, nascetur ridiculus mus. Vivamus vestibulum sagittis sapien."
606,5,"Nullam orci pede, venenatis non, sodales sed, tincidunt eu, felis."
607,3,Nullam molestie nibh in lectus.
608,5,"Lorem ipsum dolor sit amet, consectetuer adipiscing elit. Proin risus."
609,5,Vivamus vestibulum sagittis sapien.
610,2,Ut tellus.
611,5,Donec ut dolor.
612,1,"Nam nulla. Integer pede justo, lacinia eget, tincidunt eget, tempus vel, pede."
613,5,Donec ut mauris eget massa tempor convallis.
614,4,Aliquam sit amet diam in magna bibendum imperdiet.
615,3,Suspendisse potenti.
616,3,"Nunc nisl. Duis bibendum, felis sed interdum venenatis, turpis enim blandit mi, in porttitor pede justo eu massa."
617,1,Donec dapibus.
618,3,"In hac habitasse platea dictumst. Aliquam augue quam, sollicitudin vitae, consectetuer eget, rutrum at, lorem."
619,5,Donec dapibus. Duis at velit eu est congue elementum.
620,2,Integer ac neque. Duis bibendum.
621,2,Nulla justo.
622,3,Maecenas ut massa quis augue luctus tincidunt. Nulla mollis molestie lorem.
623,2,"Cras mi pede, malesuada in, imperdiet et, commodo vulputate, justo."
624,1,"Nulla neque libero, convallis eget, eleifend luctus, ultricies eu, nibh. Quisque id justo sit amet sapien dignissim vestibulum."
625,1,In congue. Etiam justo.
626,5,"Donec diam neque, vestibulum eget, vulputate ut, ultrices vel, augue."
627,5,"Quisque erat eros, viverra eget, congue eget, semper rutrum, nulla. Nunc purus."
628,4,Morbi non lectus.
629,1,"Vestibulum ante ipsum primis in faucibus orci luctus et ultrices posuere cubilia Curae; Donec pharetra, magna vestibulum aliquet ultrices, erat tortor sollicitudin mi, sit amet lobortis sapien sapien non mi."
630,2,In congue.
631,1,Morbi vel lectus in quam fringilla rhoncus.
632,1,Nullam varius.
633,2,"Vestibulum ac est lacinia nisi venenatis tristique. Fusce congue, diam id ornare imperdiet, sapien urna pretium nisl, ut volutpat sapien arcu sed augue."
634,5,Integer a nibh. In quis justo.
635,2,Morbi non quam nec dui luctus rutrum. Nulla tellus.
636,4,Integer ac neque.
637,2,Nam tristique tortor eu pede.
638,2,Morbi a ipsum. Integer a nibh.
639,4,Etiam justo.
640,3,Aliquam non mauris. Morbi non lectus.
641,4,Nulla suscipit ligula in lacus.
642,3,"Fusce congue, diam id ornare imperdiet, sapien urna pretium nisl, ut volutpat sapien arcu sed augue."
643,5,"Suspendisse ornare consequat lectus. In est risus, auctor sed, tristique in, tempus sit amet, sem."
644,5,Aenean sit amet justo.
645,3,Suspendisse accumsan tortor quis turpis.
646,2,Nam nulla.
647,1,"Vestibulum quam sapien, varius ut, blandit non, interdum in, ante. Vestibulum ante ipsum primis in faucibus orci luctus et ultrices posuere cubilia Curae; Duis faucibus accumsan odio."
648,2,Integer non velit.
649,3,Nulla facilisi. Cras non velit nec nisi vulputate nonummy.
650,2,Vestibulum ac est lacinia nisi venenatis tristique.
651,5,Duis at velit eu est congue elementum.
652,5,Vestibulum ante ipsum primis in faucibus orci luctus et ultrices posuere cubilia Curae; Mauris viverra diam vitae quam. Suspendisse potenti.
653,1,Nam tristique tortor eu pede.
654,4,"Vivamus metus arcu, adipiscing molestie, hendrerit at, vulputate vitae, nisl."
655,4,Morbi a ipsum.
656,4,Nullam varius. Nulla facilisi.
657,4,Pellentesque at nulla.
658,1,Aliquam quis turpis eget elit sodales scelerisque. Mauris sit amet eros.
659,3,Nulla suscipit ligula in lacus. Curabitur at ipsum ac tellus semper interdum.
660,2,Suspendisse ornare consequat lectus.
661,2,Vestibulum sed magna at nunc commodo placerat. Praesent blandit.
662,5,Aenean fermentum.
663,1,"Proin leo odio, porttitor id, consequat in, consequat ut, nulla."
664,5,In hac habitasse platea dictumst.
665,4,In hac habitasse platea dictumst.
666,1,Maecenas ut massa quis augue luctus tincidunt.
667,3,Vestibulum ante ipsum primis in faucibus orci luctus et ultrices posuere cubilia Curae; Duis faucibus accumsan odio. Curabitur convallis.
668,4,"Vestibulum quam sapien, varius ut, blandit non, interdum in, ante."
669,1,Suspendisse potenti. Nullam porttitor lacus at turpis.
670,5,Donec vitae nisi.
671,1,Sed ante.
672,1,"Donec vitae nisi. Nam ultrices, libero non mattis pulvinar, nulla pede ullamcorper augue, a suscipit nulla elit ac nulla."
673,1,Proin interdum mauris non ligula pellentesque ultrices. Phasellus id sapien in sapien iaculis congue.
674,5,"In est risus, auctor sed, tristique in, tempus sit amet, sem."
675,3,Duis at velit eu est congue elementum.
676,1,"Fusce lacus purus, aliquet at, feugiat non, pretium quis, lectus. Suspendisse potenti."
677,5,"Cras mi pede, malesuada in, imperdiet et, commodo vulputate, justo. In blandit ultrices enim."
678,4,Aenean fermentum. Donec ut mauris eget massa tempor convallis.
679,3,Pellentesque viverra pede ac diam.
680,1,"In hac habitasse platea dictumst. Morbi vestibulum, velit id pretium iaculis, diam erat fermentum justo, nec condimentum neque sapien placerat ante."
681,5,Sed accumsan felis. Ut at dolor quis odio consequat varius.
682,3,"Duis ac nibh. Fusce lacus purus, aliquet at, feugiat non, pretium quis, lectus."
683,4,Proin risus. Praesent lectus.
684,1,Pellentesque viverra pede ac diam.
685,5,In eleifend quam a odio.
686,4,Nulla facilisi. Cras non velit nec nisi vulputate nonummy.
687,3,Integer tincidunt ante vel ipsum.
688,5,Donec vitae nisi.
689,4,"Aliquam sit amet diam in magna bibendum imperdiet. Nullam orci pede, venenatis non, sodales sed, tincidunt eu, felis."
690,4,"Nam dui. Proin leo odio, porttitor id, consequat in, consequat ut, nulla."
691,5,Curabitur in libero ut massa volutpat convallis.
692,4,Etiam justo. Etiam pretium iaculis justo.
693,4,Maecenas ut massa quis augue luctus tincidunt. Nulla mollis molestie lorem.
694,3,Suspendisse potenti. Cras in purus eu magna vulputate luctus.
695,4,Nullam molestie nibh in lectus.
696,3,"Lorem ipsum dolor sit amet, consectetuer adipiscing elit."
697,1,Maecenas tincidunt lacus at velit.
698,3,"Cum sociis natoque penatibus et magnis dis parturient montes, nascetur ridiculus mus."
699,2,Integer a nibh.
700,3,Pellentesque viverra pede ac diam.
701,3,Nulla mollis molestie lorem. Quisque ut erat.
702,5,In hac habitasse platea dictumst. Maecenas ut massa quis augue luctus tincidunt.
703,4,Duis consequat dui nec nisi volutpat eleifend.
704,2,Nulla suscipit ligula in lacus. Curabitur at ipsum ac tellus semper interdum.
705,2,Cras non velit nec nisi vulputate nonummy.
706,4,"Mauris ullamcorper purus sit amet nulla. Quisque arcu libero, rutrum ac, lobortis vel, dapibus at, diam."
707,1,Mauris sit amet eros.
708,2,"Vestibulum ac est lacinia nisi venenatis tristique. Fusce congue, diam id ornare imperdiet, sapien urna pretium nisl, ut volutpat sapien arcu sed augue."
709,5,"Nam nulla. Integer pede justo, lacinia eget, tincidunt eget, tempus vel, pede."
710,3,Phasellus in felis.
711,2,In eleifend quam a odio.
712,3,"Cras mi pede, malesuada in, imperdiet et, commodo vulputate, justo."
713,1,"Aliquam augue quam, sollicitudin vitae, consectetuer eget, rutrum at, lorem."
714,2,Duis at velit eu est congue elementum. In hac habitasse platea dictumst.
715,3,"Mauris ullamcorper purus sit amet nulla. Quisque arcu libero, rutrum ac, lobortis vel, dapibus at, diam."
716,1,Morbi non quam nec dui luctus rutrum.
717,1,Duis mattis egestas metus. Aenean fermentum.
718,2,Morbi a ipsum.
719,5,Pellentesque at nulla.
720,4,Donec quis orci eget orci vehicula condimentum. Curabitur in libero ut massa volutpat convallis.
721,4,"Vivamus metus arcu, adipiscing molestie, hendrerit at, vulputate vitae, nisl."
722,1,Vivamus tortor.
723,1,"In est risus, auctor sed, tristique in, tempus sit amet, sem. Fusce consequat."
724,5,Quisque porta volutpat erat.
725,1,Ut tellus. Nulla ut erat id mauris vulputate elementum.
726,5,"Aliquam sit amet diam in magna bibendum imperdiet. Nullam orci pede, venenatis non, sodales sed, tincidunt eu, felis."
727,3,Ut tellus.
728,3,Suspendisse potenti.
729,2,Nulla nisl. Nunc nisl.
730,1,"Donec diam neque, vestibulum eget, vulputate ut, ultrices vel, augue."
731,3,"Lorem ipsum dolor sit amet, consectetuer adipiscing elit."
732,5,"Fusce congue, diam id ornare imperdiet, sapien urna pretium nisl, ut volutpat sapien arcu sed augue."
733,4,Duis ac nibh.
734,5,Vivamus vel nulla eget eros elementum pellentesque. Quisque porta volutpat erat.
735,2,Nunc rhoncus dui vel sem.
736,4,Etiam faucibus cursus urna.
737,1,Nullam varius.
738,2,Donec semper sapien a libero.
739,3,Mauris ullamcorper purus sit amet nulla.
740,4,Donec posuere metus vitae ipsum. Aliquam non mauris.
741,3,Pellentesque viverra pede ac diam. Cras pellentesque volutpat dui.
742,1,Maecenas rhoncus aliquam lacus.
743,4,Fusce posuere felis sed lacus.
744,3,"In est risus, auctor sed, tristique in, tempus sit amet, sem. Fusce consequat."
745,3,Nulla facilisi.
746,5,Fusce consequat. Nulla nisl.
747,4,"Nam ultrices, libero non mattis pulvinar, nulla pede ullamcorper augue, a suscipit nulla elit ac nulla. Sed vel enim sit amet nunc viverra dapibus."
748,1,Donec ut dolor.
749,4,Proin interdum mauris non ligula pellentesque ultrices.
750,3,Nam nulla.
751,2,Nulla justo. Aliquam quis turpis eget elit sodales scelerisque.
752,3,In hac habitasse platea dictumst.
753,1,"Fusce congue, diam id ornare imperdiet, sapien urna pretium nisl, ut volutpat sapien arcu sed augue."
754,4,"Fusce congue, diam id ornare imperdiet, sapien urna pretium nisl, ut volutpat sapien arcu sed augue."
755,3,Fusce posuere felis sed lacus.
756,5,Morbi ut odio.
757,2,Phasellus in felis.
758,2,"Integer aliquet, massa id lobortis convallis, tortor risus dapibus augue, vel accumsan tellus nisi eu orci."
759,4,Vivamus vestibulum sagittis sapien.
760,1,"Mauris enim leo, rhoncus sed, vestibulum sit amet, cursus id, turpis."
761,2,Nam tristique tortor eu pede.
762,4,Praesent id massa id nisl venenatis lacinia. Aenean sit amet justo.
763,2,"Nulla ac enim. In tempor, turpis nec euismod scelerisque, quam turpis adipiscing lorem, vitae mattis nibh ligula nec sem."
764,3,"Fusce congue, diam id ornare imperdiet, sapien urna pretium nisl, ut volutpat sapien arcu sed augue. Aliquam erat volutpat."
765,4,Sed ante.
766,3,In sagittis dui vel nisl. Duis ac nibh.
767,2,"Vestibulum ante ipsum primis in faucibus orci luctus et ultrices posuere cubilia Curae; Donec pharetra, magna vestibulum aliquet ultrices, erat tortor sollicitudin mi, sit amet lobortis sapien sapien non mi. Integer ac neque."
768,4,Quisque ut erat. Curabitur gravida nisi at nibh.
769,2,Donec posuere metus vitae ipsum. Aliquam non mauris.
770,5,Cras pellentesque volutpat dui.
771,2,Vivamus vel nulla eget eros elementum pellentesque.
772,1,In hac habitasse platea dictumst. Etiam faucibus cursus urna.
773,2,Curabitur in libero ut massa volutpat convallis.
774,5,"Donec ut mauris eget massa tempor convallis. Nulla neque libero, convallis eget, eleifend luctus, ultricies eu, nibh."
775,1,Praesent blandit. Nam nulla.
776,2,"In tempor, turpis nec euismod scelerisque, quam turpis adipiscing lorem, vitae mattis nibh ligula nec sem. Duis aliquam convallis nunc."
777,1,In sagittis dui vel nisl.
778,4,Praesent lectus.
779,2,Maecenas tincidunt lacus at velit.
780,2,Nunc rhoncus dui vel sem. Sed sagittis.
781,3,Ut at dolor quis odio consequat varius.
782,2,Pellentesque at nulla.
783,4,Morbi porttitor lorem id ligula. Suspendisse ornare consequat lectus.
784,2,Pellentesque at nulla.
785,1,Sed accumsan felis.
786,4,In sagittis dui vel nisl.
787,2,Quisque ut erat. Curabitur gravida nisi at nibh.
788,5,Donec dapibus.
789,5,Nulla facilisi.
790,2,In sagittis dui vel nisl. Duis ac nibh.
791,2,Maecenas ut massa quis augue luctus tincidunt.
792,5,Curabitur gravida nisi at nibh. In hac habitasse platea dictumst.
793,4,"Suspendisse ornare consequat lectus. In est risus, auctor sed, tristique in, tempus sit amet, sem."
794,5,"Fusce congue, diam id ornare imperdiet, sapien urna pretium nisl, ut volutpat sapien arcu sed augue. Aliquam erat volutpat."
795,4,In hac habitasse platea dictumst.
796,5,Morbi non lectus.
797,1,Morbi vel lectus in quam fringilla rhoncus.
798,1,Suspendisse ornare consequat lectus.
799,3,Etiam pretium iaculis justo. In hac habitasse platea dictumst.
800,3,Etiam vel augue. Vestibulum rutrum rutrum neque.
801,1,Quisque ut erat. Curabitur gravida nisi at nibh.
802,5,Duis aliquam convallis nunc.
803,3,"Cum sociis natoque penatibus et magnis dis parturient montes, nascetur ridiculus mus. Etiam vel augue."
804,5,Nullam porttitor lacus at turpis.
805,5,Quisque ut erat.
806,3,Suspendisse potenti. Nullam porttitor lacus at turpis.
807,2,Proin risus.
808,3,"Vivamus vestibulum sagittis sapien. Cum sociis natoque penatibus et magnis dis parturient montes, nascetur ridiculus mus."
809,2,Mauris lacinia sapien quis libero.
810,1,Suspendisse potenti. Nullam porttitor lacus at turpis.
811,3,"Vestibulum ante ipsum primis in faucibus orci luctus et ultrices posuere cubilia Curae; Donec pharetra, magna vestibulum aliquet ultrices, erat tortor sollicitudin mi, sit amet lobortis sapien sapien non mi. Integer ac neque."
812,4,"Curabitur in libero ut massa volutpat convallis. Morbi odio odio, elementum eu, interdum eu, tincidunt in, leo."
813,5,"Nam dui. Proin leo odio, porttitor id, consequat in, consequat ut, nulla."
814,1,Aenean lectus.
815,3,Pellentesque ultrices mattis odio. Donec vitae nisi.
816,5,Integer ac leo. Pellentesque ultrices mattis odio.
817,2,"Quisque erat eros, viverra eget, congue eget, semper rutrum, nulla."
818,4,Vivamus in felis eu sapien cursus vestibulum. Proin eu mi.
819,2,Curabitur gravida nisi at nibh.
820,1,Donec ut dolor. Morbi vel lectus in quam fringilla rhoncus.
821,3,Sed vel enim sit amet nunc viverra dapibus. Nulla suscipit ligula in lacus.
822,2,Integer tincidunt ante vel ipsum. Praesent blandit lacinia erat.
823,4,Aenean lectus. Pellentesque eget nunc.
824,4,Integer tincidunt ante vel ipsum.
825,4,"Vivamus metus arcu, adipiscing molestie, hendrerit at, vulputate vitae, nisl."
826,4,Proin risus.
827,1,Nulla justo.
828,3,Etiam faucibus cursus urna. Ut tellus.
829,3,Pellentesque ultrices mattis odio.
830,4,Mauris ullamcorper purus sit amet nulla.
831,2,Nullam sit amet turpis elementum ligula vehicula consequat.
832,3,"Mauris enim leo, rhoncus sed, vestibulum sit amet, cursus id, turpis. Integer aliquet, massa id lobortis convallis, tortor risus dapibus augue, vel accumsan tellus nisi eu orci."
833,5,Proin eu mi. Nulla ac enim.
834,2,Vivamus vestibulum sagittis sapien.
835,4,Nam nulla.
836,5,Curabitur at ipsum ac tellus semper interdum. Mauris ullamcorper purus sit amet nulla.
837,3,"Vivamus metus arcu, adipiscing molestie, hendrerit at, vulputate vitae, nisl."
838,5,"Cum sociis natoque penatibus et magnis dis parturient montes, nascetur ridiculus mus. Vivamus vestibulum sagittis sapien."
839,4,"Integer aliquet, massa id lobortis convallis, tortor risus dapibus augue, vel accumsan tellus nisi eu orci. Mauris lacinia sapien quis libero."
840,5,Integer a nibh.
841,3,Vivamus tortor. Duis mattis egestas metus.
842,5,Curabitur at ipsum ac tellus semper interdum.
843,1,Ut tellus.
844,1,"Quisque erat eros, viverra eget, congue eget, semper rutrum, nulla."
845,4,Etiam justo.
846,3,Ut tellus. Nulla ut erat id mauris vulputate elementum.
847,5,In quis justo. Maecenas rhoncus aliquam lacus.
848,3,"Cras pellentesque volutpat dui. Maecenas tristique, est et tempus semper, est quam pharetra magna, ac consequat metus sapien ut nunc."
849,5,Duis bibendum. Morbi non quam nec dui luctus rutrum.
850,2,In sagittis dui vel nisl.
851,2,Vestibulum ante ipsum primis in faucibus orci luctus et ultrices posuere cubilia Curae; Duis faucibus accumsan odio.
852,5,Nulla ut erat id mauris vulputate elementum.
853,1,"Nam ultrices, libero non mattis pulvinar, nulla pede ullamcorper augue, a suscipit nulla elit ac nulla."
854,2,Curabitur in libero ut massa volutpat convallis.
855,4,Nulla facilisi.
856,5,Morbi non quam nec dui luctus rutrum.
857,3,"Phasellus id sapien in sapien iaculis congue. Vivamus metus arcu, adipiscing molestie, hendrerit at, vulputate vitae, nisl."
858,1,Quisque ut erat. Curabitur gravida nisi at nibh.
859,3,Nulla suscipit ligula in lacus.
860,5,Aenean lectus. Pellentesque eget nunc.
861,2,Suspendisse accumsan tortor quis turpis. Sed ante.
862,4,"Fusce lacus purus, aliquet at, feugiat non, pretium quis, lectus."
863,4,Etiam justo. Etiam pretium iaculis justo.
864,2,In hac habitasse platea dictumst.
865,5,Etiam vel augue.
866,3,Praesent lectus.
867,1,Vestibulum ante ipsum primis in faucibus orci luctus et ultrices posuere cubilia Curae; Duis faucibus accumsan odio. Curabitur convallis.
868,4,Mauris sit amet eros. Suspendisse accumsan tortor quis turpis.
869,5,"Morbi sem mauris, laoreet ut, rhoncus aliquet, pulvinar sed, nisl. Nunc rhoncus dui vel sem."
870,3,Suspendisse ornare consequat lectus.
871,4,"Praesent lectus. Vestibulum quam sapien, varius ut, blandit non, interdum in, ante."
872,5,"Donec diam neque, vestibulum eget, vulputate ut, ultrices vel, augue."
873,4,Nulla nisl.
874,3,Fusce consequat.
875,4,Nulla nisl.
876,2,Ut at dolor quis odio consequat varius.
877,5,Sed ante. Vivamus tortor.
878,4,Etiam faucibus cursus urna. Ut tellus.
879,3,Mauris sit amet eros.
880,1,"Aliquam augue quam, sollicitudin vitae, consectetuer eget, rutrum at, lorem."
881,2,Nulla tempus. Vivamus in felis eu sapien cursus vestibulum.
882,4,Etiam pretium iaculis justo.
883,4,Morbi non lectus.
884,3,Maecenas ut massa quis augue luctus tincidunt.
885,2,Proin interdum mauris non ligula pellentesque ultrices.
886,5,Aliquam erat volutpat. In congue.
887,5,Morbi porttitor lorem id ligula. Suspendisse ornare consequat lectus.
888,4,"Lorem ipsum dolor sit amet, consectetuer adipiscing elit."
889,2,Pellentesque ultrices mattis odio.
890,5,"Lorem ipsum dolor sit amet, consectetuer adipiscing elit. Proin risus."
891,1,Maecenas tincidunt lacus at velit. Vivamus vel nulla eget eros elementum pellentesque.
892,1,Donec semper sapien a libero. Nam dui.
893,2,"Fusce lacus purus, aliquet at, feugiat non, pretium quis, lectus."
894,4,Nam dui.
895,4,Praesent blandit lacinia erat. Vestibulum sed magna at nunc commodo placerat.
896,3,"Morbi vel lectus in quam fringilla rhoncus. Mauris enim leo, rhoncus sed, vestibulum sit amet, cursus id, turpis."
897,5,"Vestibulum quam sapien, varius ut, blandit non, interdum in, ante. Vestibulum ante ipsum primis in faucibus orci luctus et ultrices posuere cubilia Curae; Duis faucibus accumsan odio."
898,4,"Vestibulum ac est lacinia nisi venenatis tristique. Fusce congue, diam id ornare imperdiet, sapien urna pretium nisl, ut volutpat sapien arcu sed augue."
899,4,"Nulla ac enim. In tempor, turpis nec euismod scelerisque, quam turpis adipiscing lorem, vitae mattis nibh ligula nec sem."
900,2,"Integer pede justo, lacinia eget, tincidunt eget, tempus vel, pede. Morbi porttitor lorem id ligula."
901,3,Curabitur gravida nisi at nibh.
902,2,Pellentesque at nulla.
903,3,"Vivamus vestibulum sagittis sapien. Cum sociis natoque penatibus et magnis dis parturient montes, nascetur ridiculus mus."
904,4,Donec vitae nisi.
905,5,Curabitur at ipsum ac tellus semper interdum. Mauris ullamcorper purus sit amet nulla.
906,5,Cras in purus eu magna vulputate luctus.
907,5,"Lorem ipsum dolor sit amet, consectetuer adipiscing elit. Proin risus."
908,2,"Morbi odio odio, elementum eu, interdum eu, tincidunt in, leo."
909,2,"Quisque arcu libero, rutrum ac, lobortis vel, dapibus at, diam. Nam tristique tortor eu pede."
910,3,Ut tellus. Nulla ut erat id mauris vulputate elementum.
911,2,"Cum sociis natoque penatibus et magnis dis parturient montes, nascetur ridiculus mus."
912,3,"Nunc nisl. Duis bibendum, felis sed interdum venenatis, turpis enim blandit mi, in porttitor pede justo eu massa."
913,1,Maecenas ut massa quis augue luctus tincidunt. Nulla mollis molestie lorem.
914,4,Curabitur in libero ut massa volutpat convallis.
915,3,Vivamus vestibulum sagittis sapien.
916,2,Morbi a ipsum.
917,4,Nam dui.
918,2,Etiam vel augue.
919,3,Duis ac nibh.
920,4,Sed ante. Vivamus tortor.
921,5,Aenean lectus. Pellentesque eget nunc.
922,3,Nulla ut erat id mauris vulputate elementum. Nullam varius.
923,3,Morbi non lectus.
924,2,Proin eu mi.
925,2,Vestibulum sed magna at nunc commodo placerat.
926,1,"Maecenas leo odio, condimentum id, luctus nec, molestie sed, justo."
927,3,Etiam vel augue.
928,3,Aliquam erat volutpat. In congue.
929,5,"In tempor, turpis nec euismod scelerisque, quam turpis adipiscing lorem, vitae mattis nibh ligula nec sem. Duis aliquam convallis nunc."
930,1,"Cum sociis natoque penatibus et magnis dis parturient montes, nascetur ridiculus mus. Vivamus vestibulum sagittis sapien."
931,5,"In tempor, turpis nec euismod scelerisque, quam turpis adipiscing lorem, vitae mattis nibh ligula nec sem."
932,1,Morbi non quam nec dui luctus rutrum. Nulla tellus.
933,1,Nullam sit amet turpis elementum ligula vehicula consequat.
934,4,Aenean fermentum. Donec ut mauris eget massa tempor convallis.
935,2,"Morbi vestibulum, velit id pretium iaculis, diam erat fermentum justo, nec condimentum neque sapien placerat ante."
936,1,"Quisque arcu libero, rutrum ac, lobortis vel, dapibus at, diam. Nam tristique tortor eu pede."
937,4,"Sed sagittis. Nam congue, risus semper porta volutpat, quam pede lobortis ligula, sit amet eleifend pede libero quis orci."
938,1,Aenean auctor gravida sem. Praesent id massa id nisl venenatis lacinia.
939,5,"Morbi odio odio, elementum eu, interdum eu, tincidunt in, leo. Maecenas pulvinar lobortis est."
940,5,"In est risus, auctor sed, tristique in, tempus sit amet, sem. Fusce consequat."
941,1,Curabitur gravida nisi at nibh. In hac habitasse platea dictumst.
942,1,Donec posuere metus vitae ipsum.
943,2,"Fusce lacus purus, aliquet at, feugiat non, pretium quis, lectus."
944,1,Proin eu mi. Nulla ac enim.
945,3,Nulla tempus.
946,4,Duis consequat dui nec nisi volutpat eleifend. Donec ut dolor.
947,1,Vivamus vel nulla eget eros elementum pellentesque.
948,5,Morbi a ipsum. Integer a nibh.
949,5,Maecenas ut massa quis augue luctus tincidunt.
950,3,Duis consequat dui nec nisi volutpat eleifend. Donec ut dolor.
951,5,Vestibulum sed magna at nunc commodo placerat. Praesent blandit.
952,4,"Duis ac nibh. Fusce lacus purus, aliquet at, feugiat non, pretium quis, lectus."
953,5,"Quisque arcu libero, rutrum ac, lobortis vel, dapibus at, diam. Nam tristique tortor eu pede."
954,4,Donec ut mauris eget massa tempor convallis.
955,1,Duis mattis egestas metus.
956,3,"Vestibulum quam sapien, varius ut, blandit non, interdum in, ante."
957,4,Aenean lectus. Pellentesque eget nunc.
958,2,Aliquam non mauris. Morbi non lectus.
959,2,Vivamus tortor. Duis mattis egestas metus.
960,4,Vestibulum ante ipsum primis in faucibus orci luctus et ultrices posuere cubilia Curae; Mauris viverra diam vitae quam. Suspendisse potenti.
961,2,"Donec odio justo, sollicitudin ut, suscipit a, feugiat et, eros."
962,4,Aliquam quis turpis eget elit sodales scelerisque.
963,2,"Curabitur in libero ut massa volutpat convallis. Morbi odio odio, elementum eu, interdum eu, tincidunt in, leo."
964,4,Curabitur convallis. Duis consequat dui nec nisi volutpat eleifend.
965,2,Pellentesque viverra pede ac diam.
966,2,Nulla tempus. Vivamus in felis eu sapien cursus vestibulum.
967,5,Morbi non lectus. Aliquam sit amet diam in magna bibendum imperdiet.
968,5,Sed ante.
969,3,"In tempor, turpis nec euismod scelerisque, quam turpis adipiscing lorem, vitae mattis nibh ligula nec sem."
970,3,Proin at turpis a pede posuere nonummy.
971,1,Morbi non quam nec dui luctus rutrum. Nulla tellus.
972,1,Aliquam erat volutpat. In congue.
973,3,Aenean sit amet justo. Morbi ut odio.
974,3,Etiam pretium iaculis justo. In hac habitasse platea dictumst.
975,2,Praesent id massa id nisl venenatis lacinia.
976,2,"Maecenas leo odio, condimentum id, luctus nec, molestie sed, justo. Pellentesque viverra pede ac diam."
977,4,In hac habitasse platea dictumst.
978,5,Nulla facilisi.
979,3,"Quisque erat eros, viverra eget, congue eget, semper rutrum, nulla. Nunc purus."
980,4,Nullam porttitor lacus at turpis.
981,1,Nulla tempus.
982,3,"Quisque porta volutpat erat. Quisque erat eros, viverra eget, congue eget, semper rutrum, nulla."
983,1,Vivamus in felis eu sapien cursus vestibulum.
984,4,"Quisque erat eros, viverra eget, congue eget, semper rutrum, nulla."
985,3,Fusce consequat. Nulla nisl.
986,1,"Vestibulum quam sapien, varius ut, blandit non, interdum in, ante. Vestibulum ante ipsum primis in faucibus orci luctus et ultrices posuere cubilia Curae; Duis faucibus accumsan odio."
987,2,"Nulla neque libero, convallis eget, eleifend luctus, ultricies eu, nibh. Quisque id justo sit amet sapien dignissim vestibulum."
988,3,Duis mattis egestas metus.
989,2,"Suspendisse ornare consequat lectus. In est risus, auctor sed, tristique in, tempus sit amet, sem."
990,2,Vivamus vel nulla eget eros elementum pellentesque.
991,5,Etiam pretium iaculis justo.
992,1,"Lorem ipsum dolor sit amet, consectetuer adipiscing elit. Proin interdum mauris non ligula pellentesque ultrices."
993,1,Donec vitae nisi.
994,4,Suspendisse accumsan tortor quis turpis.
995,5,Morbi porttitor lorem id ligula.
996,4,Vestibulum sed magna at nunc commodo placerat.
997,1,"Nulla ac enim. In tempor, turpis nec euismod scelerisque, quam turpis adipiscing lorem, vitae mattis nibh ligula nec sem."
998,4,Nunc rhoncus dui vel sem. Sed sagittis.
999,1,Sed ante.
1000,3,Duis at velit eu est congue elementum. In hac habitasse platea dictumst.
